-- MySQL dump 10.13  Distrib 9.0.1, for Win64 (x86_64)
--
-- Host: localhost    Database: fashion
-- ------------------------------------------------------
-- Server version	9.0.1

/*!40101 SET @OLD_CHARACTER_SET_CLIENT=@@CHARACTER_SET_CLIENT */;
/*!40101 SET @OLD_CHARACTER_SET_RESULTS=@@CHARACTER_SET_RESULTS */;
/*!40101 SET @OLD_COLLATION_CONNECTION=@@COLLATION_CONNECTION */;
/*!50503 SET NAMES utf8mb4 */;
/*!40103 SET @OLD_TIME_ZONE=@@TIME_ZONE */;
/*!40103 SET TIME_ZONE='+00:00' */;
/*!40014 SET @OLD_UNIQUE_CHECKS=@@UNIQUE_CHECKS, UNIQUE_CHECKS=0 */;
/*!40014 SET @OLD_FOREIGN_KEY_CHECKS=@@FOREIGN_KEY_CHECKS, FOREIGN_KEY_CHECKS=0 */;
/*!40101 SET @OLD_SQL_MODE=@@SQL_MODE, SQL_MODE='NO_AUTO_VALUE_ON_ZERO' */;
/*!40111 SET @OLD_SQL_NOTES=@@SQL_NOTES, SQL_NOTES=0 */;

--
-- Table structure for table `accounts`
--

DROP TABLE IF EXISTS `accounts`;
/*!40101 SET @saved_cs_client     = @@character_set_client */;
/*!50503 SET character_set_client = utf8mb4 */;
CREATE TABLE `accounts` (
  `id` int NOT NULL AUTO_INCREMENT,
  `user_id` int DEFAULT NULL,
  `email` varchar(50) DEFAULT NULL,
  `password` varchar(50) DEFAULT NULL,
  `create_at` datetime DEFAULT NULL,
  `update_at` datetime DEFAULT NULL,
  PRIMARY KEY (`id`),
  KEY `user_id` (`user_id`),
  CONSTRAINT `accounts_ibfk_1` FOREIGN KEY (`user_id`) REFERENCES `users` (`id`) ON DELETE CASCADE
) ENGINE=InnoDB AUTO_INCREMENT=87 DEFAULT CHARSET=utf8mb4 COLLATE=utf8mb4_0900_ai_ci;
/*!40101 SET character_set_client = @saved_cs_client */;

--
-- Dumping data for table `accounts`
--

LOCK TABLES `accounts` WRITE;
/*!40000 ALTER TABLE `accounts` DISABLE KEYS */;
INSERT INTO `accounts` VALUES (67,1,'trung2002@gmail.com','Trung2002',NULL,NULL),(68,2,'minh2002@gmail.com','Minh2002',NULL,NULL),(69,3,'phong2002@gmail.com','Phong2002',NULL,NULL),(70,4,'thao2002@gmail.com','Thao2002',NULL,NULL),(71,5,'hieu2002@gmail.com','Hieu2002',NULL,NULL),(72,6,'anh2002@gmail.com','Anh2002',NULL,NULL),(73,7,'tuan2002@gmail.com','Tuan2002',NULL,NULL),(74,8,'hoa2002@gmail.com','Hoa2002',NULL,NULL),(75,9,'ngoc2002@gmail.com','Ngoc2002',NULL,NULL),(76,10,'thuy2002@gmail.com','Thuy2002',NULL,NULL),(77,11,'bao2002@gmail.com','Bao2002',NULL,NULL),(78,12,'hai2002@gmail.com','Hai2002',NULL,NULL),(79,13,'khanh2002@gmail.com','Khanh2002',NULL,NULL),(80,14,'duong2002@gmail.com','Duong2002',NULL,NULL),(81,15,'linh2002@gmail.com','Linh2002',NULL,NULL),(82,16,'son2002@gmail.com','Son2002',NULL,NULL),(83,17,'huyen2002@gmail.com','Huyen2002',NULL,NULL),(84,18,'my2002@gmail.com','My2002',NULL,NULL),(85,19,'ly2002@gmail.com','Ly2002',NULL,NULL),(86,20,'khoa2002@gmail.com','Khoa2002',NULL,NULL);
/*!40000 ALTER TABLE `accounts` ENABLE KEYS */;
UNLOCK TABLES;

--
-- Table structure for table `addresses`
--

DROP TABLE IF EXISTS `addresses`;
/*!40101 SET @saved_cs_client     = @@character_set_client */;
/*!50503 SET character_set_client = utf8mb4 */;
CREATE TABLE `addresses` (
  `id` int NOT NULL AUTO_INCREMENT,
  `city` varchar(100) NOT NULL,
  `district` varchar(100) NOT NULL,
  `ward` varchar(100) NOT NULL,
  `street` varchar(100) DEFAULT NULL,
  PRIMARY KEY (`id`)
) ENGINE=InnoDB AUTO_INCREMENT=50 DEFAULT CHARSET=utf8mb4 COLLATE=utf8mb4_0900_ai_ci;
/*!40101 SET character_set_client = @saved_cs_client */;

--
-- Dumping data for table `addresses`
--

LOCK TABLES `addresses` WRITE;
/*!40000 ALTER TABLE `addresses` DISABLE KEYS */;
INSERT INTO `addresses` VALUES (31,'Thành phố Hà Nội','Hoàn Kiếm','Hàng Bông','45 Phố Hàng Bông'),(32,'Thành phố Hà Nội','Ba Đình','Ngọc Hà','238 Đội Cấn'),(33,'Thành phố Hà Nội','Cầu Giấy','Dịch Vọng','124 Xuân Thủy'),(34,'Thành phố Hà Nội','Đống Đa','Quang Trung','67 Thái Hà'),(35,'Thành phố Hà Nội','Tây Hồ','Quảng An','156 Quảng Khánh'),(36,'Thành phố Hà Nội','Long Biên','Ngọc Lâm','89 Ngô Gia Tự'),(37,'Thành phố Hà Nội','Thanh Xuân','Thanh Xuân Trung','292 Nguyễn Trãi'),(38,'Thành phố Hà Nội','Hai Bà Trưng','Bạch Mai','45 Bạch Mai'),(39,'Thành phố Hà Nội','Hoàng Mai','Hoàng Văn Thụ','178 Giải Phóng'),(40,'Thành phố Hà Nội','Nam Từ Liêm','Mỹ Đình 1','34 Đ. Mỹ Đình'),(41,'Thành phố Bắc Ninh','Thành phố Bắc Ninh','Đại Phúc','156 Đ. Ngô Gia Tự'),(42,'Tỉnh Hưng Yên','Thành phố Hưng Yên','Lam Sơn','89 Điện Biên'),(44,'Tỉnh Vĩnh Phúc','Thành phố Vĩnh Yên','Liên Bảo','67 Đ. Mê Linh'),(45,'Tỉnh Hòa Bình','Thành phố Hòa Bình','Phương Lâm','123 Đ. Cù Chính Lan'),(46,'Thành phố Hà Nội','Quận Hoàn Kiếm','Phường Đồng Xuân','Đội 8, thôn Tiên Lữ, xã Tiên Phương'),(47,'Thành phố Hà Nội','Quận Tây Hồ','Phường Tứ Liên','fsfs'),(48,'Thành phố Hà Nội','Quận Đống Đa','Phường Hàng Bột','ssss'),(49,'Thành phố Hà Nội','Quận Thanh Xuân','Phường Thanh Xuân Nam','âssa');
/*!40000 ALTER TABLE `addresses` ENABLE KEYS */;
UNLOCK TABLES;

--
-- Table structure for table `categories`
--

DROP TABLE IF EXISTS `categories`;
/*!40101 SET @saved_cs_client     = @@character_set_client */;
/*!50503 SET character_set_client = utf8mb4 */;
CREATE TABLE `categories` (
  `id` int NOT NULL AUTO_INCREMENT,
  `type` varchar(50) NOT NULL,
  `name` varchar(50) NOT NULL,
  PRIMARY KEY (`id`)
) ENGINE=InnoDB AUTO_INCREMENT=9 DEFAULT CHARSET=utf8mb4 COLLATE=utf8mb4_0900_ai_ci;
/*!40101 SET character_set_client = @saved_cs_client */;

--
-- Dumping data for table `categories`
--

LOCK TABLES `categories` WRITE;
/*!40000 ALTER TABLE `categories` DISABLE KEYS */;
INSERT INTO `categories` VALUES (1,'gender','male'),(2,'gender','female'),(3,'gender','kid'),(4,'category','shoes'),(5,'category','clothes'),(6,'category','accessories'),(7,'brand','nike'),(8,'brand','adidas');
/*!40000 ALTER TABLE `categories` ENABLE KEYS */;
UNLOCK TABLES;

--
-- Table structure for table `order_items`
--

DROP TABLE IF EXISTS `order_items`;
/*!40101 SET @saved_cs_client     = @@character_set_client */;
/*!50503 SET character_set_client = utf8mb4 */;
CREATE TABLE `order_items` (
  `id` int NOT NULL AUTO_INCREMENT,
  `order_id` int DEFAULT NULL,
  `item_id` int DEFAULT NULL,
  `amount` int NOT NULL,
  `price` int DEFAULT '0',
  PRIMARY KEY (`id`),
  KEY `order_id` (`order_id`),
  CONSTRAINT `order_items_ibfk_1` FOREIGN KEY (`order_id`) REFERENCES `orders` (`id`) ON DELETE CASCADE
) ENGINE=InnoDB AUTO_INCREMENT=75 DEFAULT CHARSET=utf8mb4 COLLATE=utf8mb4_0900_ai_ci;
/*!40101 SET character_set_client = @saved_cs_client */;

--
-- Dumping data for table `order_items`
--

LOCK TABLES `order_items` WRITE;
/*!40000 ALTER TABLE `order_items` DISABLE KEYS */;
INSERT INTO `order_items` VALUES (14,14,55,1,1144000),(15,15,49,1,704000),(16,15,127,1,935000),(17,16,117,1,990000),(18,16,106,1,1188000),(19,16,103,1,1215500),(20,17,73,3,2640000),(21,17,68,1,445500),(22,18,77,5,7012500),(23,18,93,3,2970000),(24,19,91,1,990000),(25,20,55,1,1144000),(26,21,60,1,2871000),(27,21,127,1,935000),(28,21,111,1,352000),(29,21,125,1,616000),(30,21,122,1,792000),(31,21,120,1,495000),(32,21,117,1,990000),(33,21,108,1,990000),(34,21,105,1,1188000),(35,21,103,1,1215500),(36,21,102,1,748000),(37,21,99,1,495000),(38,21,97,1,1683000),(39,21,95,1,1056000),(40,21,91,1,990000),(41,21,89,1,1072500),(42,21,86,1,748000),(43,21,81,1,352000),(44,21,77,1,1402500),(45,21,74,1,495000),(46,21,72,1,880000),(47,21,68,1,445500),(48,21,67,1,715000),(49,21,64,1,880000),(50,21,22,1,1168750),(51,21,21,1,445498),(52,21,19,1,935000),(53,21,49,1,704000),(54,21,55,1,1144000),(55,22,127,1,935000),(56,23,118,5,4950000),(57,24,121,3,1485000),(58,25,78,3,4207500),(59,26,72,1,880000),(61,28,77,1,1402500),(62,29,117,1,990000),(63,30,125,1,616000),(64,31,72,1,880000),(65,32,117,4,3960000),(66,33,103,1,1215500),(67,34,91,1,990000),(68,35,117,1,990000),(69,36,77,1,1402500),(70,37,117,1,990000),(71,38,72,1,880000),(72,39,72,1,880000),(73,40,117,1,990000),(74,41,125,1,616000);
/*!40000 ALTER TABLE `order_items` ENABLE KEYS */;
UNLOCK TABLES;

--
-- Table structure for table `orders`
--

DROP TABLE IF EXISTS `orders`;
/*!40101 SET @saved_cs_client     = @@character_set_client */;
/*!50503 SET character_set_client = utf8mb4 */;
CREATE TABLE `orders` (
  `id` int NOT NULL AUTO_INCREMENT,
  `user_id` int DEFAULT NULL,
  `address_id` int DEFAULT NULL,
  `route_id` int DEFAULT NULL,
  `user` varchar(255) NOT NULL,
  `phone_number` varchar(15) NOT NULL,
  `status` varchar(50) NOT NULL,
  `create_at` datetime DEFAULT NULL,
  `update_at` datetime DEFAULT NULL,
  `route_index` int DEFAULT NULL,
  PRIMARY KEY (`id`),
  KEY `address_id` (`address_id`),
  CONSTRAINT `orders_ibfk_1` FOREIGN KEY (`address_id`) REFERENCES `addresses` (`id`)
) ENGINE=InnoDB AUTO_INCREMENT=42 DEFAULT CHARSET=utf8mb4 COLLATE=utf8mb4_0900_ai_ci;
/*!40101 SET character_set_client = @saved_cs_client */;

--
-- Dumping data for table `orders`
--

LOCK TABLES `orders` WRITE;
/*!40000 ALTER TABLE `orders` DISABLE KEYS */;
INSERT INTO `orders` VALUES (14,1,33,8,'Trung','0980000001','delivered','2024-12-30 17:44:44','2024-12-30 23:28:07',NULL),(15,1,33,7,'Trung','0980000001','delivered','2024-12-30 17:45:24','2024-12-30 18:15:28',NULL),(16,4,37,7,'Thao','0980000004','delivered','2024-12-30 17:46:07','2024-12-30 18:15:28',NULL),(17,2,44,NULL,'Minh','0980000002','delivered','2024-12-30 17:49:40','2024-12-30 18:15:53',NULL),(18,5,40,7,'Hieu','0980000005','delivered','2024-12-30 17:51:48','2024-12-30 18:15:28',NULL),(19,5,40,NULL,'Hieu','0980000005','delivering','2024-12-30 18:46:46','2024-12-30 18:52:05',NULL),(20,1,33,NULL,'Trung','0980000001','delivered','2024-12-30 21:58:36','2024-12-30 22:00:45',NULL),(21,1,33,NULL,'Trung','0980000001','delivered','2024-12-30 22:05:03','2024-12-30 22:05:14',NULL),(22,1,33,NULL,'Trung','0980000001','delivered','2024-12-30 23:02:17','2024-12-30 23:03:06',NULL),(23,1,33,NULL,'Trung','0980000001','delivered','2024-12-30 23:04:07','2024-12-30 23:04:15',NULL),(24,1,33,NULL,'Trung','0980000001','delivered','2024-12-30 23:08:09','2024-12-30 23:08:16',NULL),(25,1,33,9,'Trung','0980000001','delivered','2024-12-30 23:27:44','2024-12-30 23:28:03',NULL),(26,2,44,NULL,'Minh','0980000002','delivering','2025-01-04 19:43:16','2025-01-04 19:44:34',NULL),(28,1,33,27,'Trung','0980000001','delivering','2025-01-04 19:45:55','2025-01-05 19:16:43',0),(29,3,46,27,'Phong','0966982494','delivering','2025-01-04 19:46:35','2025-01-05 19:16:43',2),(30,3,44,NULL,'Phong','0980000003','pending','2025-01-04 19:48:06',NULL,NULL),(31,3,44,NULL,'Phong','0980000003','pending','2025-01-04 20:08:37',NULL,NULL),(32,3,47,27,'Phong','0980000003','delivering','2025-01-04 20:09:08','2025-01-05 19:16:43',1),(33,3,48,27,'Phong','0980000003','delivering','2025-01-04 20:09:40','2025-01-05 19:16:43',3),(34,3,49,27,'Phong','0980000003','delivering','2025-01-04 20:10:11','2025-01-05 19:16:43',4),(35,1,33,31,'Trung','0980000001','delivering','2025-01-05 19:38:47','2025-01-05 19:49:22',0),(36,3,44,NULL,'Phong','0980000003','pending','2025-01-05 19:39:13',NULL,NULL),(37,20,34,30,'Khoa','0980000020','delivered','2025-01-05 19:40:17','2025-01-05 19:49:05',0),(38,4,37,31,'Thao','0980000004','delivering','2025-01-05 19:40:59','2025-01-05 19:49:22',2),(39,2,44,NULL,'Minh','0980000002','pending','2025-01-05 19:44:17',NULL,NULL),(40,5,40,31,'Hieu','0980000005','delivering','2025-01-05 19:44:55','2025-01-05 19:49:22',1),(41,5,40,NULL,'Hieu','0980000005','pending','2025-01-05 19:45:12',NULL,NULL);
/*!40000 ALTER TABLE `orders` ENABLE KEYS */;
UNLOCK TABLES;

--
-- Table structure for table `product_category`
--

DROP TABLE IF EXISTS `product_category`;
/*!40101 SET @saved_cs_client     = @@character_set_client */;
/*!50503 SET character_set_client = utf8mb4 */;
CREATE TABLE `product_category` (
  `id` int NOT NULL AUTO_INCREMENT,
  `product_id` int DEFAULT NULL,
  `category_id` int DEFAULT NULL,
  PRIMARY KEY (`id`),
  KEY `product_id` (`product_id`),
  KEY `category_id` (`category_id`),
  CONSTRAINT `product_category_ibfk_1` FOREIGN KEY (`product_id`) REFERENCES `products` (`id`) ON DELETE CASCADE,
  CONSTRAINT `product_category_ibfk_2` FOREIGN KEY (`category_id`) REFERENCES `categories` (`id`) ON DELETE CASCADE
) ENGINE=InnoDB AUTO_INCREMENT=232 DEFAULT CHARSET=utf8mb4 COLLATE=utf8mb4_0900_ai_ci;
/*!40101 SET character_set_client = @saved_cs_client */;

--
-- Dumping data for table `product_category`
--

LOCK TABLES `product_category` WRITE;
/*!40000 ALTER TABLE `product_category` DISABLE KEYS */;
INSERT INTO `product_category` VALUES (112,5,8),(113,5,1),(114,5,5),(124,6,8),(125,6,1),(126,6,5),(127,3,8),(128,3,2),(129,3,5),(130,2,8),(131,2,2),(132,2,5),(133,1,8),(134,1,2),(135,1,4),(136,4,8),(137,4,1),(138,4,4),(139,7,8),(140,7,2),(141,7,6),(142,8,8),(143,8,3),(144,8,6),(145,9,8),(146,9,3),(147,9,5),(154,10,8),(155,10,3),(156,10,4),(157,11,8),(158,11,1),(159,11,6),(160,12,7),(161,12,1),(162,12,4),(163,13,7),(164,13,1),(165,13,6),(166,14,7),(167,14,2),(168,14,5),(169,15,7),(170,15,2),(171,15,4),(172,16,7),(173,16,1),(174,16,5),(178,17,7),(179,17,3),(180,17,4),(184,19,7),(185,19,3),(186,19,4),(187,20,7),(188,20,3),(189,20,6),(190,21,7),(191,21,3),(192,21,5),(193,22,7),(194,22,2),(195,22,6),(196,23,8),(197,23,1),(198,23,5),(199,24,8),(200,24,1),(201,24,5),(202,25,8),(203,25,1),(204,25,6),(217,27,7),(218,27,2),(219,27,5),(220,28,8),(221,28,2),(222,28,6),(223,29,7),(224,29,2),(225,29,5),(226,30,8),(227,30,3),(228,30,5),(229,31,8),(230,31,3),(231,31,4);
/*!40000 ALTER TABLE `product_category` ENABLE KEYS */;
UNLOCK TABLES;

--
-- Table structure for table `product_items`
--

DROP TABLE IF EXISTS `product_items`;
/*!40101 SET @saved_cs_client     = @@character_set_client */;
/*!50503 SET character_set_client = utf8mb4 */;
CREATE TABLE `product_items` (
  `id` int NOT NULL AUTO_INCREMENT,
  `product_id` int DEFAULT NULL,
  `size` varchar(10) NOT NULL,
  `color` varchar(20) NOT NULL,
  `product_image` varchar(1000) DEFAULT NULL,
  `bonus_price` int NOT NULL DEFAULT '0',
  `quantity` int DEFAULT '0',
  `create_at` datetime DEFAULT NULL,
  `update_at` datetime DEFAULT NULL,
  PRIMARY KEY (`id`),
  KEY `product_id` (`product_id`),
  CONSTRAINT `product_items_ibfk_1` FOREIGN KEY (`product_id`) REFERENCES `products` (`id`) ON DELETE CASCADE
) ENGINE=InnoDB AUTO_INCREMENT=130 DEFAULT CHARSET=utf8mb4 COLLATE=utf8mb4_0900_ai_ci;
/*!40101 SET character_set_client = @saved_cs_client */;

--
-- Dumping data for table `product_items`
--

LOCK TABLES `product_items` WRITE;
/*!40000 ALTER TABLE `product_items` DISABLE KEYS */;
INSERT INTO `product_items` VALUES (19,4,'S','#000000','item_1734786525472.png',0,99,NULL,NULL),(21,5,'S','#ffffff','item_1734781674218.png',0,99,NULL,NULL),(22,6,'S','#808080','item_1734781955853.png',0,99,NULL,NULL),(35,6,'L','#808080','',0,100,NULL,NULL),(36,6,'XL','#808080','',0,100,NULL,NULL),(37,6,'XXL','#808080','',0,100,NULL,NULL),(38,6,'XXXL','#808080','',0,100,NULL,NULL),(39,5,'M','#ffffff',NULL,0,100,NULL,NULL),(40,5,'L','#ffffff',NULL,0,100,NULL,NULL),(41,5,'XL','#ffffff',NULL,0,100,NULL,NULL),(42,4,'M','#ffffff',NULL,0,100,NULL,NULL),(43,4,'L','#ffffff',NULL,0,100,NULL,NULL),(44,4,'XL','#ffffff',NULL,0,100,NULL,NULL),(45,4,'S','#ffffff',NULL,0,100,NULL,NULL),(46,4,'M','#000000',NULL,0,100,NULL,NULL),(47,4,'L','#000000',NULL,0,100,NULL,NULL),(48,4,'XL','#000000',NULL,0,100,NULL,NULL),(49,3,'S','#ffffff','item_1734787000217.png',0,97,NULL,NULL),(50,3,'M','#ffffff',NULL,0,100,NULL,NULL),(51,3,'L','#ffffff',NULL,0,100,NULL,NULL),(53,3,'XL','#ffffff',NULL,0,100,NULL,NULL),(54,3,'XXL','#ffffff',NULL,0,1,NULL,NULL),(55,2,'S','#e1afe1','item_1734787561409.png',0,97,NULL,NULL),(56,2,'M','#e1afe1',NULL,0,100,NULL,NULL),(57,2,'L','#e1afe1',NULL,0,100,NULL,NULL),(59,2,'XL','#e1afe1',NULL,0,100,NULL,NULL),(60,1,'S','#962832','item_1734787800385.png',0,98,NULL,NULL),(61,1,'M','#962832','item_1734787891903.png',0,100,NULL,NULL),(62,1,'L','#962832',NULL,0,100,NULL,NULL),(63,1,'XL','#962832',NULL,0,100,NULL,NULL),(64,7,'S','#aab4a5','item_1734788189563.png',0,99,NULL,NULL),(65,7,'M','#aab4a5','item_1734788208172.png',0,100,NULL,NULL),(66,7,'L','#aab4a5',NULL,0,100,NULL,NULL),(67,8,'S','#ffffff','item_1734788446079.png',0,99,NULL,NULL),(68,9,'S','#ffffff','item_1734788661587.png',0,98,NULL,NULL),(69,9,'M','#ffffff','item_1734788672334.png',0,100,NULL,NULL),(72,10,'S','#4f6278','item_1734789107171.png',0,95,NULL,NULL),(73,10,'S','#e4859c','item_1734789128866.png',0,97,NULL,NULL),(74,11,'S','#0c4435','item_1734789373598.png',0,99,NULL,NULL),(75,11,'S','#ececf0','item_1734789387076.png',0,100,NULL,NULL),(76,11,'S','#e8dfcf','item_1734789398059.png',0,100,NULL,NULL),(77,12,'S','#ffffff','item_1734795757956.png',0,92,NULL,NULL),(78,12,'M','#ffffff',NULL,0,97,NULL,NULL),(79,12,'L','#ffffff',NULL,0,100,NULL,NULL),(80,12,'XL','#ffffff',NULL,0,1,NULL,NULL),(81,13,'S','#000000','item_1734795907056.png',0,99,NULL,NULL),(82,13,'S','#ffffff','item_1734795958058.png',0,100,NULL,NULL),(83,13,'M','#000000',NULL,0,100,NULL,NULL),(84,13,'L','#000000',NULL,0,1,NULL,NULL),(85,13,'S','#ffffff',NULL,0,1,NULL,NULL),(86,14,'S','#fa8cc8','item_1734796109469.png',0,99,NULL,NULL),(87,14,'M','#fa8cc8',NULL,0,100,NULL,NULL),(88,14,'L','#fa8cc8','item_1734796142086.png',0,10,NULL,NULL),(89,15,'S','#f9fafb','item_1734796276872.png',0,99,NULL,NULL),(90,15,'M','#ffffff',NULL,0,100,NULL,NULL),(91,16,'M','#000000','item_1734796669793.png',0,97,NULL,NULL),(92,16,'L','#000000',NULL,0,100,NULL,NULL),(93,16,'M','#bec3b4',NULL,0,97,NULL,NULL),(94,16,'L','#bec3b4','item_1734796808369.png',0,100,NULL,NULL),(95,17,'M','#c1c3c2','item_1734796979821.png',0,9,NULL,NULL),(96,17,'L','#c1c3c2',NULL,0,10,NULL,NULL),(97,19,'M','#ffffff','item_1734797475653.png',0,99,NULL,NULL),(98,19,'L','#ffffff','item_1734797489947.png',0,100,NULL,NULL),(99,20,'M','#000000','item_1734797601280.png',0,99,NULL,NULL),(100,20,'L','#000000',NULL,0,100,NULL,NULL),(101,20,'M','#ffffff','item_1734797626702.png',0,100,NULL,NULL),(102,21,'M','#000000','item_1734797874579.png',0,9,NULL,NULL),(103,22,'M','#afb4b9','item_1734798131770.png',0,97,NULL,NULL),(104,22,'L','#afb4b9','item_1734798153165.png',0,100,NULL,NULL),(105,23,'M','#000000','item_1734798467345.png',0,99,NULL,NULL),(106,23,'L','#000000','item_1734798482010.png',0,99,NULL,NULL),(107,23,'XL','#000000',NULL,0,100,NULL,NULL),(108,24,'M','#000000','item_1734798723762.png',0,99,NULL,NULL),(109,24,'L','#000000','item_1734798740945.png',0,100,NULL,NULL),(110,24,'XL','#000000',NULL,0,100,NULL,NULL),(111,25,'M','#595659','item_1734798886571.png',0,99,NULL,NULL),(117,27,'M','#b0ba95','item_1734799385599.png',0,90,NULL,NULL),(118,27,'L','#b0ba95','item_1734799342295.png',0,95,NULL,NULL),(119,27,'XL','#b0ba95',NULL,0,100,NULL,NULL),(120,28,'M','#d3c0b6','item_1734799478045.png',0,99,NULL,NULL),(121,28,'M','#000000','item_1734799486737.png',0,97,NULL,NULL),(122,29,'M','#ecede6','item_1734799613303.png',0,99,NULL,NULL),(123,29,'S','#ecede6','item_1734799633271.png',0,100,NULL,NULL),(124,29,'L','#ecede6',NULL,0,100,NULL,NULL),(125,30,'M','#b7c4cf','item_1734799760305.png',0,97,NULL,NULL),(126,30,'L','#b7c4cf','item_1734799778339.png',0,100,NULL,NULL),(127,31,'S','#b4162e','item_1734799889211.png',0,97,NULL,NULL),(128,31,'M','#b4162e','item_1734799908345.png',0,100,NULL,NULL),(129,31,'L','#b4162e',NULL,0,100,NULL,NULL);
/*!40000 ALTER TABLE `product_items` ENABLE KEYS */;
UNLOCK TABLES;

--
-- Table structure for table `products`
--

DROP TABLE IF EXISTS `products`;
/*!40101 SET @saved_cs_client     = @@character_set_client */;
/*!50503 SET character_set_client = utf8mb4 */;
CREATE TABLE `products` (
  `id` int NOT NULL AUTO_INCREMENT,
  `product_name` varchar(50) NOT NULL,
  `product_image` varchar(200) DEFAULT NULL,
  `price` int NOT NULL DEFAULT '0',
  `sale` int DEFAULT '0',
  `sold` int DEFAULT '0',
  `rating` float DEFAULT '0',
  `description` varchar(1000) DEFAULT NULL,
  `create_at` datetime DEFAULT NULL,
  `update_at` datetime DEFAULT NULL,
  PRIMARY KEY (`id`)
) ENGINE=InnoDB AUTO_INCREMENT=32 DEFAULT CHARSET=utf8mb4 COLLATE=utf8mb4_0900_ai_ci;
/*!40101 SET character_set_client = @saved_cs_client */;

--
-- Dumping data for table `products`
--

LOCK TABLES `products` WRITE;
/*!40000 ALTER TABLE `products` DISABLE KEYS */;
INSERT INTO `products` VALUES (1,'Giày Gazelle','Giày Gazelle_1734787740190.png',2900000,10,1,3.25,'Đôi giày vừa kinh điển lại vừa bắt mắt.\nHãy mang trên mình một phần lịch sử. Kể từ thập niên 60, dòng giày adidas Gazelle iconic đã ghi dấu bởi thiết kế da lộn đơn giản mà thời thượng. Phiên bản này mang thiết kế retro ấy đến với tương lai nhờ đế ngoài dáng cao đầy táo bạo và các điểm nhấn màu sắc rực rỡ.',NULL,'2024-12-21 20:31:32'),(2,'Áo Khoác Khóa Kéo Lửng Own the Run','Áo Khoác Khóa Kéo Lửng Own the Run_1734787272785.png',1300000,20,3,3.83,'Chiếc áo khoác chạy bộ có sử dụng chất liệu tái chế.\nSẵn sàng cho buổi chạy sáng sớm. Chiếc áo khoác khóa kéo lửng này được thiết kế nhằm bắt kịp tốc độ của bạn. Chất vải AEROREADY thấm hút ẩm giúp bạn luôn khô ráo trên từng dặm đường. Các chi tiết phản quang đảm bảo bạn luôn nổi bật khi di chuyển trên đường trước khi mặt trời mọc và làm chủ đường chạy.\n\nSản phẩm này làm từ tối thiểu 70% chất liệu tái chế. Bằng cách tái sử dụng các chất liệu đã được tạo ra, chúng tôi góp phần giảm thiểu lãng phí và hạn chế phụ thuộc vào các nguồn tài nguyên hữu hạn, cũng như giảm phát thải từ các sản phẩm mà chúng tôi sản xuất.',NULL,'2024-12-21 20:26:01'),(3,'Áo Thun Own The Run','Áo Thun Own The Run_1734786977544.png',800000,20,2,3.5,'Chiếc áo thun chạy bộ kiểm soát ẩm có sử dụng chất liệu tái chế.\nChiếc áo thun chạy bộ adidas này giúp bạn luôn cảm thấy khô thoáng từ bước chạy đầu tiên tới sải bước cuối cùng. Công nghệ AEROREADY đánh bay hơi ẩm giúp bạn luôn khô ráo. Các chi tiết phản quang giúp bạn tỏa sáng khi chạy bộ lúc sáng sớm hoặc tối muộn.\n\nSản phẩm này làm từ tối thiểu 70% chất liệu tái chế. Bằng cách tái sử dụng các chất liệu đã được tạo ra, chúng tôi góp phần giảm lãng phí và giảm phụ thuộc vào các nguồn tài nguyên hữu hạn, cũng như giảm phát thải từ các sản phẩm mà chúng tôi sản xuất.',NULL,'2024-12-21 20:19:21'),(4,'Giày Samba OG ','Giày Samba OG _1734603295847.png',1000000,15,1,2.86,'Thoải mái, phù hợp các hoạt động thường ngày',NULL,'2024-12-21 20:32:38'),(5,'Áo Thun Single Jersey Linear Essentials','Áo Thun Single Jersey Linear Essentials_1734781521274.png',449999,10,1,3,'Chiếc áo thun dễ chịu với kiểu dáng dễ mặc.\nThiết kế hiện đại. Đa năng thường ngày. Chiếc áo thun adidas này biến tấu phong cách casual nhờ logo bắt mắt và thiết kế vai rủ. Làm từ chất vải jersey cotton mềm mại, áo có kiểu dáng classic, regular fit hoàn hảo để mặc cả ngày, bất kể bạn đang thư giãn ở nhà hay xuống phố khám phá.','2024-12-20 16:06:36','2024-12-21 20:02:02'),(6,'Áo Sweatshirt Vải Thun Da Cá Big Logo Essentials','Áo Sweatshirt Vải Thun Da Cá Big Logo Essentials_1734781819564.png',1250000,15,1,3.2,'Tự tin khoe phong cách adidas với chiếc áo sweatshirt có sử dụng các chất liệu tái chế và tái tạo.\nHãy diện chiếc áo sweatshirt adidas này và cảm giác dễ chịu thoải mái sẽ giúp bạn thư giãn ngay tắp lự. Áo làm từ vải thun da cá mềm mại với kiểu dáng rộng rãi cho phép bạn tự do vận động. Logo 3 Bar cỡ lớn ở mặt trước thể hiện rõ tình yêu của bạn dành cho thương hiệu.\n\nBằng cách chọn tái chế, chúng tôi có thể tái sử dụng những chất liệu đã được tạo ra, nhằm giảm thiểu rác thải. Những lựa chọn chất liệu tái tạo cũng giúp chúng tôi không phụ thuộc vào nguồn tài nguyên hữu hạn. Các sản phẩm sử dụng kết hợp các chất liệu tái chế và tái tạo của chúng tôi có chứa tổng cộng tối thiểu 70% các chất liệu này.','2024-12-21 18:50:20','2024-12-21 20:00:45'),(7,'Túi Airliner Mini Classic Adicolor','Túi Airliner Mini Classic Adicolor_1734788149612.png',800000,0,1,3.38,'Chiếc túi đồng hành cùng bạn mọi lúc mọi nơi với thiết kế thuôn gọn ngập tràn phong cách và công năng.\nPhong cách kinh điển kết hợp hiệu năng hiện đại làm nên chiếc túi adidas này. Sắp xếp gọn gàng và giữ các vật dụng thiết yếu hàng ngày ngay trong tầm tay, bất kể bạn chỉ ra đường chốc lát hay di chuyển nhiều giờ. Thiết kế nhiều ngăn đựng vừa mọi thứ cần thiết, cùng quai đeo tùy chỉnh cho độ ôm vừa ý. Chi tiết dây đai dệt tinh tế nâng tầm outfit thường ngày của bạn. Rộng rãi mà siêu nhẹ, chiếc túi này hòa trộn giữa thời trang và công năng để bạn thỏa sức vi vu khắp nơi tùy theo cảm hứng.','2024-12-21 20:35:50','2024-12-21 20:37:19'),(8,'Mũ Lưỡi Trai adidas x Disney Mickey Mouse Trẻ Em','Mũ Lưỡi Trai adidas x Disney Mickey Mouse Trẻ Em_1734788405618.png',650000,0,1,5,'Chiếc mũ lưỡi trai trẻ em dành cho các fan của Chuột Mickey.\nLàm từ vải twill cotton mềm mại, chiếc mũ lưỡi trai trẻ em này có thể điều chỉnh ở phía sau cho độ ôm vừa ý. Họa tiết graphic oversize hình Chuột Mickey nhà Disney lấp ló và nháy mắt ở phía trước. Logo Ba Lá ở giữa mặt trước nâng tầm kiểu dáng thể thao.','2024-12-21 20:40:06','2024-12-21 20:40:46'),(9,'Áo Thun Trẻ Em Essentials','Áo Thun Trẻ Em Essentials_1734788649787.png',450000,10,2,3.75,'Chiếc áo thun hoàn toàn bằng cotton phù hợp cho mọi dịp.\nCasual và đa năng, chiếc áo thun thiếu niên adidas này sẽ trở thành lựa chọn hàng đầu cho tủ đồ thường ngày của bạn. Chất vải mềm mại và kiểu dáng classic giúp bạn luôn thoải mái, bất kể bạn đang chạy việc vặt hay tụ tập bạn bè. Với 3 Sọc đặc trưng và logo thêu nổi, chiếc áo thun này sẽ đồng hành cùng bạn từ sáng tới tối.','2024-12-21 20:44:10','2024-12-21 20:44:32'),(10,'Giày Duramo SL Trẻ Em','Giày Duramo SL Trẻ Em_1734789085210.png',1000000,20,4,3.27,'Đôi giày sneaker siêu nhẹ và dễ xỏ, có sử dụng chất liệu tái chế.\nKhởi đầu ngày mới thật tuyệt vời. Đôi giày sneaker trẻ em adidas này được thiết kế dành cho bé năng động, bất kể chơi thể thao hay chạy đua quanh sân chơi. Thân giày siêu nhẹ làm từ vải lưới nhiều lớp cho đôi chân thông thoáng, cùng lớp đệm LIGHTMOTION nâng đỡ từng chuyển động linh hoạt đồng thời mang lại cảm giác thoải mái dài lâu.\n\nSản phẩm này có chứa tối thiểu 20% chất liệu tái chế. Bằng cách tái sử dụng các chất liệu đã được tạo ra, chúng tôi góp phần giảm thiểu lãng phí và hạn chế phụ thuộc vào các nguồn tài nguyên hữu hạn, cũng như giảm phát thải từ các sản phẩm mà chúng tôi sản xuất.','2024-12-21 20:48:29','2024-12-21 20:52:32'),(11,'Mũ Bóng Chày Ba Lá Classic Adicolor','Mũ Bóng Chày Ba Lá Classic Adicolor_1734789337727.png',500000,10,1,3.36,'Chiếc mũ bóng chày cotton classic đến từ adidas.\nCasual, cool và thoải mái — chiếc mũ bóng chày adidas Adicolor này đáp ứng mọi tiêu chí. Chất vải twill cotton cho cảm giác mềm mại, bền chắc và càng đội càng đẹp. Logo Ba Lá classic ở mặt trước tô điểm chất thể thao.','2024-12-21 20:55:38','2024-12-21 20:56:38'),(12,'Nike Air Force 1 \'07','Nike Air Force 1 \'07_1734795742955.png',1500000,15,9,3.27,'The radiance lives on in the Nike Air Force 1 \'07, the basketball original that puts a fresh spin on what you know best: durably stitched overlays, clean finishes and the perfect amount of flash to make you shine.','2024-12-21 22:42:23','2024-12-21 22:43:02'),(13,'Nike Everyday Cushioned','Nike Everyday Cushioned_1734795891096.png',400000,20,1,2.88,'Power through your workout with the Nike Everyday Cushioned Socks. The thick terry sole gives you extra comfort for foot drills and lifts, while a ribbed arch band wraps your midfoot for a supportive feel.\n\n','2024-12-21 22:44:51','2024-12-21 22:46:22'),(14,'Nike Air Women\'s Long-Sleeve Top','Nike Air Women\'s Long-Sleeve Top_1734796083171.png',800000,15,1,3.5,'A go-to for a reason, this long-sleeve top is perfect for any day of the week. Thick yet lightweight, the peachy-soft fabric has just the right amount of stretch for your every move. The seam in the front and back adds a little twist to this otherwise classic piece.','2024-12-21 22:48:04','2024-12-21 22:49:02'),(15,'Nike Air Force 1 Shadow','Nike Air Force 1 Shadow_1734796244473.png',1500000,35,1,2.5,'Everything you love about the AF-1—but doubled! The Nike Air Force 1 Shadow puts a playful twist on a hoops icon to highlight the best of AF-1 DNA. Layered overlays in brightly coloured leather bring added depth, while double the branding and an exaggerated midsole help give these sneakers a bold look.','2024-12-21 22:50:45','2024-12-21 22:51:30'),(16,'Nike Repel Miler','Nike Repel Miler_1734796653800.png',1000000,10,4,3.8,'An essential piece to your running game gets an update on the Nike Repel Miler Jacket. It\'s built to take on wet weather with a water-repellent design and a hood. The packable design features a look steeped in Nike\'s heritage. This product is made from 100% recycled polyester fibres.','2024-12-21 22:57:34','2024-12-21 23:00:09'),(17,'Jordan Max Aura 5','Jordan Max Aura 5_1734796901668.png',1200000,20,1,3.3,'Whenyou need a shoe that\'s ready 24/7, it\'s gotta be the Max Aura 5. Inspired by the AJ3, this pair of kicks puts a modern spin on the classic. They\'re made from durable leather and textiles that sit atop a heel of Nike Air cushioning so you can walk, run or skate all day and still have fresh-feeling soles.','2024-12-21 23:01:42','2024-12-21 23:03:00'),(19,'Nike Cortez','Nike Cortez_1734797434121.png',1800000,15,1,3.13,'From athletics superstar to fashion phenom, the Cortez pairs retro appeal with modern comfort. We\'ve updated the shape to give you extra room in the toe box and above your foot. Plus, a sponge-soft midsole and see-saw detailing on the outsole deliver the heritage vibes you know and love.','2024-12-21 23:10:34','2024-12-21 23:11:30'),(20,'Nike Dri-FIT Club','Nike Dri-FIT Club_1734797589106.png',500000,10,1,2.8,'Step your Swoosh game up with this mid-depth, unstructured Club Cap. Its curved bill and metal Swoosh logo give your look a clean finish while sweat-wicking tech helps you stay cool and comfortable while you make the most of warm, sunny weather.','2024-12-21 23:13:09','2024-12-21 23:13:47'),(21,'Nike Outdoor Play','Nike Outdoor Play_1734797761181.png',800000,15,1,3.71,'Impromptu freeze tag games. Scaling the monkey bars. Running around at playtime. The Nike shorts keep up with your favourite activities. Part of our Outdoor Play collection, it\'s inspired by having fun and getting outside. How so? The durable water-repellent fabric lets you splash away with summer fun from the park to your back garden.','2024-12-21 23:16:02','2024-12-21 23:17:55'),(22,'Nike Clash','Nike Clash_1734798105904.png',1300000,15,2,3.25,'A bag as versatile as your style. Carry it in your hand or over your shoulder to help keep your essentials exactly where you need them.','2024-12-21 23:21:46','2024-12-21 23:22:33'),(23,'Quần Bó Dáng Dài Tập Luyện Nén Cơ TECHFIT','Quần Bó Dáng Dài Tập Luyện Nén Cơ TECHFIT_1734798422894.png',1200000,10,2,2.78,'Chiếc quần bó nén cơ TECHFIT có sử dụng chất liệu tái chế.\nTập luyện không giới hạn với chiếc quần bó TECHFIT này. Vải lưới AEROREADY thoáng khí tạo cảm giác thông thoáng giúp bạn không bị phân tâm. Khai phá những chuyển động vượt trội của bạn nhờ thiết kế nén cơ ôm sát cơ bắp.\n\nSản phẩm này làm từ tối thiểu 70% chất liệu tái chế. Bằng cách tái sử dụng các chất liệu đã được tạo ra, chúng tôi góp phần giảm thiểu lãng phí và hạn chế phụ thuộc vào các nguồn tài nguyên hữu hạn, cũng như giảm phát thải từ các sản phẩm mà chúng tôi sản xuất.','2024-12-21 23:27:03','2024-12-21 23:28:11'),(24,'Áo Thun Dài Tay Tập Luyện','Áo Thun Dài Tay Tập Luyện_1734798706694.png',1000000,10,1,2.7,'Chiếc áo thun dài tay dành cho tập gym.\nChinh phục khung gánh tạ với chiếc áo thun tập luyện adidas này. Chiếc áo thun dài tay này có thiết kế dành cho bài tập nâng tạ nặng với công nghệ AEROREADY thấm hút ẩm. Kiểu dáng ôm cho cơ bắp của bạn không gian để cử động. Tập trung bứt phá giới hạn không chút phân tâm nhờ các chi tiết chất lượng cao dành cho tập gym.\n\nSản phẩm này làm từ tối thiểu 70% chất liệu tái tạo. Chuyển sang các nguồn chất liệu tái tạo mang tới nhiều lựa chọn hơn để giảm phụ thuộc vào các nguồn tài nguyên hữu hạn. Chúng tôi chọn chất liệu tái tạo vì đó là tài nguyên thiên nhiên có thể được trồng trọt lại được. Khác với chất liệu có nguồn gốc từ nhiên liệu hóa thạch sẽ bị cạn kiệt sau khi sử dụng.\n\nChất liệu tái tạo không chỉ là chất liệu tự nhiên, mà còn là chất liệu sinh học tổng hợp làm từ nguyên liệu thực vật thay vì nhiên liệu hóa thạch. \n\nNguyên liệu này được xử lý hóa học trở thành chất trung gian để tạo nên thành phẩm là chất liệu tổng hợp.','2024-12-21 23:31:47','2024-12-21 23:32:37'),(25,'Tất Cổ Cao Tập Luyện Performance','Tất Cổ Cao Tập Luyện Performance_1734798852500.png',400000,20,1,3.2,'Đôi tất lót đệm nâng đỡ vòm bàn chân, có sử dụng chất liệu tái chế.\nĐôi tất adidas tập luyện chuyên dụng này nổi bật với thiết kế hữu dụng và lớp đệm êm ái cho cảm giác thoải mái tối đa. Chất vải AEROREADY đánh bay hơi ẩm giúp bàn chân luôn khô ráo trong các bài tập cường độ cao. Các miếng lót đệm tăng cường ở những vùng chịu lực cao hỗ trợ chuyển động ngang.\n\nSản phẩm này làm từ tối thiểu 50% chất liệu tái chế. Bằng cách tái sử dụng các chất liệu đã được tạo ra, chúng tôi góp phần giảm lãng phí và giảm phụ thuộc vào các nguồn tài nguyên hữu hạn, cũng như giảm phát thải từ các sản phẩm mà chúng tôi sản xuất.','2024-12-21 23:34:13','2024-12-21 23:34:47'),(27,'Áo Gió Dệt Thoi City Escape','Áo Gió Dệt Thoi City Escape_1734799276756.png',1000000,10,8,3.78,'Chiếc áo khoác phong cách outdoor làm từ chất liệu tái chế.\nBất kể bạn đang dắt cún đi dạo trong công viên hay tìm tới những cung đường trail để chạy trốn nơi phố thị, chiếc áo gió adidas này sẽ đồng hành cùng bạn. Chất vải dệt thoi siêu nhẹ mà bền chắc, cùng kiểu dáng suông rộng dễ dàng khoác bên ngoài áo sweatshirt. Gấu áo và cổ tay áo có dây bungee tùy chỉnh giúp chặn đứng gió lạnh.\n\nSản phẩm này làm từ 100% chất liệu tái chế. Bằng cách tái sử dụng các chất liệu đã được tạo ra, chúng tôi góp phần giảm thiểu lãng phí và hạn chế phụ thuộc vào các nguồn tài nguyên hữu hạn, cũng như giảm phát thải từ các sản phẩm mà chúng tôi sản xuất.','2024-12-21 23:40:43','2024-12-21 23:43:06'),(28,'Mũ Lưỡi Trai','Mũ Lưỡi Trai_1734799461936.png',500000,10,4,3.5,'Chiếc mũ lưỡi trai classic mang phong cách adidas kinh điển.\nBất kể bạn chuẩn bị ra đường chạy việc vặt hay lên đường phiêu lưu, chiếc mũ lưỡi trai adidas này sẽ đồng hành cùng bạn. Điều chỉnh quai mũ phía sau cho độ ôm vừa ý và cảm giác thoải mái suốt cả ngày. Là một item thường ngày must-have, chiếc mũ này mang đến phong cách cho mọi outfit.\n\nChất vải cotton trong sản phẩm này được khai thác thông qua Better Cotton. Better Cotton được khai thác thông qua mô hình chuỗi hành trình sản phẩm có tên gọi là cân bằng khối lượng. Điều này có nghĩa là Better Cotton không thể truy xuất nguồn gốc từ thành phẩm.\n\nTìm hiểu thêm tại đây: https://bettercotton.org/who-we-are/our-logo/','2024-12-21 23:44:22','2024-12-21 23:44:47'),(29,'Quần Short Thun Gân ALL SZN','Quần Short Thun Gân ALL SZN_1734799591465.png',800000,10,1,3.22,'Chiếc quần short mềm mại có sử dụng kết hợp các chất liệu tái chế và tái tạo.\nDễ chịu suốt ngày dài. Đa năng suốt mọi mùa. Chiếc quần short adidas này chuyển động cùng bạn trong mọi hoạt động, cả trong nhà và ngoài trời. Chất vải siêu nhẹ, mềm mại tạo nên kiểu dáng suông rộng không giới hạn chuyển động của bạn. Thiết kế đáy thấp che chắn kín đáo và thoải mái bất kể bạn đang chạy việc vặt hay thư giãn. Hãy kết hợp chiếc quần short này với áo thun casual hoặc áo tank top và giày sneaker cho outfit laid-back. Bằng cách chọn tái chế, chúng tôi có thể tái sử dụng những chất liệu đã được tạo ra, từ đó góp phần giảm lãng phí. Những lựa chọn chất liệu tái tạo sẽ giúp chúng tôi giảm phụ thuộc vào nguồn tài nguyên hữu hạn. Các sản phẩm sử dụng kết hợp các chất liệu tái chế và tái tạo của chúng tôi có chứa tổng cộng tối thiểu 70% các chất liệu này.','2024-12-21 23:46:32','2024-12-21 23:47:29'),(30,'Áo Thun adidas x Disney Mickey Mouse Trẻ Em','Áo Thun adidas x Disney Mickey Mouse Trẻ Em_1734799740884.png',700000,20,1,3.7,'Chiếc áo thun dáng suông với họa tiết graphic hình Chuột Mickey và những người bạn.\nChiếc áo thun trẻ em adidas này giúp bé mang theo phép màu Disney trên hành trình phiêu lưu hàng ngày. Họa tiết graphic sặc sỡ hình Mickey và Pluto khám phá thành phố, truyền cảm hứng cho bé thỏa sức tìm hiểu môi trường xung quanh. Làm từ chất vải mềm mại hỗ trợ vận động, chiếc áo thun này sẵn sàng cho tất cả.','2024-12-21 23:49:01','2024-12-21 23:49:38'),(31,'Giày Adifom Superstar 360 x Disney Pixar Trẻ Em','Giày Adifom Superstar 360 x Disney Pixar Trẻ Em_1734799861270.png',1000000,15,3,3.75,'Đôi giày trainer co giãn dành cho trẻ em có hình Chuột Minnie nhà Disney.\nDễ dàng xỏ và tháo cùng thiết kế đáng yêu vô tận. Đôi giày trẻ em adidas Superstar 360 x Disney này có đế giày bằng mút foam siêu mềm mại, siêu nhẹ và uốn dẻo, hoàn hảo cho những đôi chân nhỏ bé bắt đầu biết chạy nhảy. Giày có thiết kế slip-on và dây giày co giãn để bé có thể tự xỏ giày. Ở hai bên, hình mặt cười của Chuột Minnie nhà Disney lấp ló trên đế giữa Adiform êm ái.','2024-12-21 23:51:01','2024-12-21 23:52:01');
/*!40000 ALTER TABLE `products` ENABLE KEYS */;
UNLOCK TABLES;

--
-- Table structure for table `reviews`
--

DROP TABLE IF EXISTS `reviews`;
/*!40101 SET @saved_cs_client     = @@character_set_client */;
/*!50503 SET character_set_client = utf8mb4 */;
CREATE TABLE `reviews` (
  `id` int NOT NULL AUTO_INCREMENT,
  `user_id` int DEFAULT NULL,
  `product_id` int DEFAULT NULL,
  `rating` int DEFAULT NULL,
  `comment` varchar(1000) DEFAULT NULL,
  `image` varchar(200) DEFAULT NULL,
  `create_at` datetime DEFAULT NULL,
  `update_at` datetime DEFAULT NULL,
  PRIMARY KEY (`id`),
  KEY `product_id` (`product_id`),
  CONSTRAINT `reviews_ibfk_1` FOREIGN KEY (`product_id`) REFERENCES `products` (`id`) ON DELETE CASCADE
) ENGINE=InnoDB AUTO_INCREMENT=988 DEFAULT CHARSET=utf8mb4 COLLATE=utf8mb4_0900_ai_ci;
/*!40101 SET character_set_client = @saved_cs_client */;

--
-- Dumping data for table `reviews`
--

LOCK TABLES `reviews` WRITE;
/*!40000 ALTER TABLE `reviews` DISABLE KEYS */;
INSERT INTO `reviews` VALUES (766,6,8,5,'Quá đáng tiền! Chất lượng cao cấp, đúng như mô tả. Đã mua nhiều lần và chưa bao giờ thất vọng.',NULL,'2024-12-14 10:02:30',NULL),(767,6,27,4,'Sản phẩm đẹp, chất lượng cao, phù hợp với giá tiền. Rất hài lòng với trải nghiệm mua hàng.',NULL,'2024-12-29 22:52:15',NULL),(768,6,23,2,'Giao hàng chậm, sản phẩm không như kỳ vọng. Chất lượng chỉ ở mức trung bình.',NULL,'2024-12-14 06:19:09',NULL),(769,6,24,4,'Giao hàng nhanh, đóng gói cẩn thận. Sản phẩm chất lượng tốt, đúng như mô tả. Sẽ ủng hộ shop dài dài.',NULL,'2024-12-16 14:14:22',NULL),(770,6,29,1,'Chất lượng sản phẩm quá kém, không đáng với số tiền bỏ ra. Rất thất vọng và không muốn mua lại.',NULL,'2024-12-22 00:59:38',NULL),(771,6,2,4,'Sản phẩm đẹp, chất lượng cao, phù hợp với giá tiền. Rất hài lòng với trải nghiệm mua hàng.',NULL,'2024-12-01 09:22:55',NULL),(772,6,30,4,'Giao hàng nhanh, đóng gói cẩn thận. Sản phẩm chất lượng tốt, đúng như mô tả. Sẽ ủng hộ shop dài dài.',NULL,'2024-12-16 16:57:08',NULL),(773,7,13,1,'Chất lượng sản phẩm quá kém, không đáng với số tiền bỏ ra. Rất thất vọng và không muốn mua lại.',NULL,'2024-12-21 10:20:59',NULL),(774,7,7,4,'Giao hàng nhanh, đóng gói cẩn thận. Sản phẩm chất lượng tốt, đúng như mô tả. Sẽ ủng hộ shop dài dài.',NULL,'2024-12-22 11:26:44',NULL),(775,7,20,1,'Sản phẩm khác hoàn toàn so với hình ảnh mô tả. Size không chuẩn, chất lượng tệ.',NULL,'2024-12-31 07:18:33',NULL),(776,7,31,5,'Sản phẩm chuẩn từ chất lượng đến size. Giao hàng nhanh, dịch vụ khách hàng tuyệt vời. Rất đáng để mua!',NULL,'2024-12-19 20:29:55',NULL),(777,7,17,3,'Chất lượng tương đối tốt nhưng size hơi lệch. Giá cả phù hợp với chất lượng.',NULL,'2024-12-21 16:38:44',NULL),(778,8,12,3,'Sản phẩm đúng như mô tả, nhưng có thể hoàn thiện hơn nữa. Sẽ cân nhắc mua lại.',NULL,'2024-12-13 17:30:07',NULL),(779,8,4,5,'Sản phẩm chuẩn từ chất lượng đến size. Giao hàng nhanh, dịch vụ khách hàng tuyệt vời. Rất đáng để mua!',NULL,'2024-12-15 02:09:26',NULL),(780,8,5,2,'Mẫu mã đẹp nhưng chất lượng không tốt. Giá hơi cao so với chất lượng thực tế.',NULL,'2024-12-20 07:09:05',NULL),(781,8,31,4,'Giao hàng nhanh, đóng gói cẩn thận. Sản phẩm chất lượng tốt, đúng như mô tả. Sẽ ủng hộ shop dài dài.',NULL,'2024-12-31 10:16:09',NULL),(782,8,23,2,'Sản phẩm bình thường, không đặc biệt. Cần cải thiện nhiều về chất lượng.',NULL,'2024-12-07 17:21:01',NULL),(783,8,25,3,'Sản phẩm đúng như mô tả, nhưng có thể hoàn thiện hơn nữa. Sẽ cân nhắc mua lại.',NULL,'2024-12-10 09:20:43',NULL),(784,9,7,5,'Sản phẩm chuẩn từ chất lượng đến size. Giao hàng nhanh, dịch vụ khách hàng tuyệt vời. Rất đáng để mua!',NULL,'2024-12-05 06:43:47',NULL),(785,9,21,4,'Rất hài lòng với sản phẩm. Chất lượng tốt, đúng size, đúng mẫu như hình. Chỉ có vài chi tiết nhỏ cần cải thiện.',NULL,'2024-12-20 04:58:30',NULL),(786,9,9,2,'Giao hàng chậm, sản phẩm không như kỳ vọng. Chất lượng chỉ ở mức trung bình.',NULL,'2024-12-20 01:51:10',NULL),(787,9,13,1,'Không đúng như mô tả, chất lượng kém. Liên hệ đổi trả rất khó khăn.',NULL,'2024-12-24 16:05:13',NULL),(788,9,29,4,'Sản phẩm đẹp, chất lượng cao, phù hợp với giá tiền. Rất hài lòng với trải nghiệm mua hàng.',NULL,'2024-12-22 08:25:52',NULL),(789,9,27,3,'Chất lượng tương đối tốt nhưng size hơi lệch. Giá cả phù hợp với chất lượng.',NULL,'2024-12-06 11:25:52',NULL),(790,10,23,3,'Sản phẩm ở mức chấp nhận được, chất lượng tạm ổn. Cần cải thiện thêm một số chi tiết.',NULL,'2024-12-20 17:17:36',NULL),(791,10,30,4,'Rất hài lòng với sản phẩm. Chất lượng tốt, đúng size, đúng mẫu như hình. Chỉ có vài chi tiết nhỏ cần cải thiện.',NULL,'2024-12-14 22:30:44',NULL),(792,10,29,2,'Giao hàng chậm, sản phẩm không như kỳ vọng. Chất lượng chỉ ở mức trung bình.',NULL,'2024-12-25 10:34:04',NULL),(793,10,16,2,'Mẫu mã đẹp nhưng chất lượng không tốt. Giá hơi cao so với chất lượng thực tế.',NULL,'2024-12-12 09:15:04',NULL),(794,10,11,5,'Quá đáng tiền! Chất lượng cao cấp, đúng như mô tả. Đã mua nhiều lần và chưa bao giờ thất vọng.',NULL,'2024-12-08 18:22:49',NULL),(795,10,19,4,'Giao hàng nhanh, đóng gói cẩn thận. Sản phẩm chất lượng tốt, đúng như mô tả. Sẽ ủng hộ shop dài dài.',NULL,'2024-12-01 05:42:13',NULL),(796,10,27,3,'Sản phẩm ở mức chấp nhận được, chất lượng tạm ổn. Cần cải thiện thêm một số chi tiết.',NULL,'2024-12-22 15:56:51',NULL),(797,11,10,5,'Tuyệt vời! Chất lượng vượt mong đợi. Sản phẩm hoàn hảo từ kiểu dáng đến chất lượng. Nhất định sẽ quay lại!',NULL,'2024-12-23 01:23:01',NULL),(798,11,30,4,'Giao hàng nhanh, đóng gói cẩn thận. Sản phẩm chất lượng tốt, đúng như mô tả. Sẽ ủng hộ shop dài dài.',NULL,'2024-12-11 23:29:22',NULL),(799,11,11,1,'Sản phẩm khác hoàn toàn so với hình ảnh mô tả. Size không chuẩn, chất lượng tệ.',NULL,'2024-12-26 09:06:27',NULL),(800,11,29,4,'Rất hài lòng với sản phẩm. Chất lượng tốt, đúng size, đúng mẫu như hình. Chỉ có vài chi tiết nhỏ cần cải thiện.',NULL,'2024-12-16 17:28:47',NULL),(801,11,19,4,'Giao hàng nhanh, đóng gói cẩn thận. Sản phẩm chất lượng tốt, đúng như mô tả. Sẽ ủng hộ shop dài dài.',NULL,'2024-12-04 15:46:03',NULL),(802,12,11,2,'Sản phẩm bình thường, không đặc biệt. Cần cải thiện nhiều về chất lượng.',NULL,'2024-12-02 12:56:48',NULL),(803,12,21,4,'Rất hài lòng với sản phẩm. Chất lượng tốt, đúng size, đúng mẫu như hình. Chỉ có vài chi tiết nhỏ cần cải thiện.',NULL,'2024-12-06 15:13:37',NULL),(804,12,5,4,'Sản phẩm đẹp, chất lượng cao, phù hợp với giá tiền. Rất hài lòng với trải nghiệm mua hàng.',NULL,'2024-12-23 12:13:04',NULL),(805,12,30,5,'Sản phẩm chuẩn từ chất lượng đến size. Giao hàng nhanh, dịch vụ khách hàng tuyệt vời. Rất đáng để mua!',NULL,'2024-12-21 17:44:13',NULL),(806,12,3,1,'Không đúng như mô tả, chất lượng kém. Liên hệ đổi trả rất khó khăn.',NULL,'2024-12-05 01:39:01',NULL),(807,12,27,3,'Sản phẩm đúng như mô tả, nhưng có thể hoàn thiện hơn nữa. Sẽ cân nhắc mua lại.',NULL,'2024-12-19 09:43:46',NULL),(808,12,31,5,'Tuyệt vời! Chất lượng vượt mong đợi. Sản phẩm hoàn hảo từ kiểu dáng đến chất lượng. Nhất định sẽ quay lại!',NULL,'2024-12-13 00:16:32',NULL),(809,13,17,5,'Quá đáng tiền! Chất lượng cao cấp, đúng như mô tả. Đã mua nhiều lần và chưa bao giờ thất vọng.',NULL,'2024-12-26 03:20:52',NULL),(810,13,24,1,'Sản phẩm khác hoàn toàn so với hình ảnh mô tả. Size không chuẩn, chất lượng tệ.',NULL,'2024-12-26 00:41:36',NULL),(811,13,25,4,'Sản phẩm đẹp, chất lượng cao, phù hợp với giá tiền. Rất hài lòng với trải nghiệm mua hàng.',NULL,'2024-12-10 15:18:39',NULL),(812,13,5,1,'Sản phẩm khác hoàn toàn so với hình ảnh mô tả. Size không chuẩn, chất lượng tệ.',NULL,'2024-12-07 01:49:31',NULL),(813,13,30,3,'Chất lượng tương đối tốt nhưng size hơi lệch. Giá cả phù hợp với chất lượng.',NULL,'2024-12-01 07:09:25',NULL),(814,14,27,3,'Chất lượng tương đối tốt nhưng size hơi lệch. Giá cả phù hợp với chất lượng.',NULL,'2024-12-10 23:27:52',NULL),(815,14,28,4,'Giao hàng nhanh, đóng gói cẩn thận. Sản phẩm chất lượng tốt, đúng như mô tả. Sẽ ủng hộ shop dài dài.',NULL,'2024-12-28 18:12:09',NULL),(816,14,20,1,'Sản phẩm khác hoàn toàn so với hình ảnh mô tả. Size không chuẩn, chất lượng tệ.',NULL,'2024-12-09 16:41:21',NULL),(817,14,15,1,'Sản phẩm khác hoàn toàn so với hình ảnh mô tả. Size không chuẩn, chất lượng tệ.',NULL,'2024-12-11 20:46:31',NULL),(818,14,25,2,'Giao hàng chậm, sản phẩm không như kỳ vọng. Chất lượng chỉ ở mức trung bình.',NULL,'2024-12-31 12:14:21',NULL),(819,14,12,5,'Quá đáng tiền! Chất lượng cao cấp, đúng như mô tả. Đã mua nhiều lần và chưa bao giờ thất vọng.',NULL,'2024-12-11 13:30:39',NULL),(820,15,12,4,'Rất hài lòng với sản phẩm. Chất lượng tốt, đúng size, đúng mẫu như hình. Chỉ có vài chi tiết nhỏ cần cải thiện.',NULL,'2024-12-07 21:35:49',NULL),(821,15,25,5,'Quá đáng tiền! Chất lượng cao cấp, đúng như mô tả. Đã mua nhiều lần và chưa bao giờ thất vọng.',NULL,'2024-12-28 05:09:40',NULL),(822,15,31,1,'Chất lượng sản phẩm quá kém, không đáng với số tiền bỏ ra. Rất thất vọng và không muốn mua lại.',NULL,'2024-12-27 00:02:26',NULL),(823,15,30,4,'Rất hài lòng với sản phẩm. Chất lượng tốt, đúng size, đúng mẫu như hình. Chỉ có vài chi tiết nhỏ cần cải thiện.',NULL,'2024-12-11 22:09:50',NULL),(824,15,17,2,'Giao hàng chậm, sản phẩm không như kỳ vọng. Chất lượng chỉ ở mức trung bình.',NULL,'2024-12-27 19:31:21',NULL),(825,15,6,3,'Sản phẩm ở mức chấp nhận được, chất lượng tạm ổn. Cần cải thiện thêm một số chi tiết.',NULL,'2024-12-07 20:57:03',NULL),(826,15,22,5,'Tuyệt vời! Chất lượng vượt mong đợi. Sản phẩm hoàn hảo từ kiểu dáng đến chất lượng. Nhất định sẽ quay lại!',NULL,'2024-12-18 06:54:48',NULL),(827,15,10,1,'Không đúng như mô tả, chất lượng kém. Liên hệ đổi trả rất khó khăn.',NULL,'2024-12-09 02:21:00',NULL),(828,16,24,2,'Sản phẩm bình thường, không đặc biệt. Cần cải thiện nhiều về chất lượng.',NULL,'2024-12-30 13:45:33',NULL),(829,16,25,3,'Sản phẩm ở mức chấp nhận được, chất lượng tạm ổn. Cần cải thiện thêm một số chi tiết.',NULL,'2024-12-18 06:49:37',NULL),(830,16,28,5,'Sản phẩm chuẩn từ chất lượng đến size. Giao hàng nhanh, dịch vụ khách hàng tuyệt vời. Rất đáng để mua!',NULL,'2024-12-06 05:19:28',NULL),(831,16,4,2,'Sản phẩm bình thường, không đặc biệt. Cần cải thiện nhiều về chất lượng.',NULL,'2024-12-05 10:29:58',NULL),(832,16,17,4,'Sản phẩm đẹp, chất lượng cao, phù hợp với giá tiền. Rất hài lòng với trải nghiệm mua hàng.',NULL,'2024-12-16 06:27:46',NULL),(833,17,3,2,'Giao hàng chậm, sản phẩm không như kỳ vọng. Chất lượng chỉ ở mức trung bình.',NULL,'2024-12-18 18:31:32',NULL),(834,17,21,1,'Sản phẩm khác hoàn toàn so với hình ảnh mô tả. Size không chuẩn, chất lượng tệ.',NULL,'2024-12-25 05:10:17',NULL),(835,17,2,1,'Chất lượng sản phẩm quá kém, không đáng với số tiền bỏ ra. Rất thất vọng và không muốn mua lại.',NULL,'2024-12-03 21:37:09',NULL),(836,17,31,1,'Chất lượng sản phẩm quá kém, không đáng với số tiền bỏ ra. Rất thất vọng và không muốn mua lại.',NULL,'2024-12-02 09:54:55',NULL),(837,17,12,4,'Sản phẩm đẹp, chất lượng cao, phù hợp với giá tiền. Rất hài lòng với trải nghiệm mua hàng.',NULL,'2024-12-14 02:15:18',NULL),(838,17,27,5,'Sản phẩm chuẩn từ chất lượng đến size. Giao hàng nhanh, dịch vụ khách hàng tuyệt vời. Rất đáng để mua!',NULL,'2024-12-16 19:07:13',NULL),(839,18,11,3,'Sản phẩm ở mức chấp nhận được, chất lượng tạm ổn. Cần cải thiện thêm một số chi tiết.',NULL,'2024-12-28 13:15:24',NULL),(840,18,7,5,'Sản phẩm chuẩn từ chất lượng đến size. Giao hàng nhanh, dịch vụ khách hàng tuyệt vời. Rất đáng để mua!',NULL,'2024-12-28 06:53:27',NULL),(841,18,19,2,'Mẫu mã đẹp nhưng chất lượng không tốt. Giá hơi cao so với chất lượng thực tế.',NULL,'2024-12-13 19:31:05',NULL),(842,18,4,1,'Sản phẩm khác hoàn toàn so với hình ảnh mô tả. Size không chuẩn, chất lượng tệ.',NULL,'2024-12-19 16:49:58',NULL),(843,18,23,3,'Sản phẩm đúng như mô tả, nhưng có thể hoàn thiện hơn nữa. Sẽ cân nhắc mua lại.',NULL,'2024-12-16 16:52:09',NULL),(844,19,31,5,'Sản phẩm chuẩn từ chất lượng đến size. Giao hàng nhanh, dịch vụ khách hàng tuyệt vời. Rất đáng để mua!',NULL,'2024-12-30 12:55:34',NULL),(845,19,22,4,'Rất hài lòng với sản phẩm. Chất lượng tốt, đúng size, đúng mẫu như hình. Chỉ có vài chi tiết nhỏ cần cải thiện.',NULL,'2024-12-02 11:04:56',NULL),(846,19,30,1,'Không đúng như mô tả, chất lượng kém. Liên hệ đổi trả rất khó khăn.',NULL,'2024-12-19 09:06:48',NULL),(847,19,3,5,'Tuyệt vời! Chất lượng vượt mong đợi. Sản phẩm hoàn hảo từ kiểu dáng đến chất lượng. Nhất định sẽ quay lại!',NULL,'2024-12-04 16:40:41',NULL),(848,19,15,2,'Giao hàng chậm, sản phẩm không như kỳ vọng. Chất lượng chỉ ở mức trung bình.',NULL,'2024-12-03 02:31:24',NULL),(849,19,4,3,'Sản phẩm ở mức chấp nhận được, chất lượng tạm ổn. Cần cải thiện thêm một số chi tiết.',NULL,'2024-12-12 05:28:43',NULL),(850,20,9,5,'Quá đáng tiền! Chất lượng cao cấp, đúng như mô tả. Đã mua nhiều lần và chưa bao giờ thất vọng.',NULL,'2024-12-17 23:11:13',NULL),(851,20,24,5,'Sản phẩm chuẩn từ chất lượng đến size. Giao hàng nhanh, dịch vụ khách hàng tuyệt vời. Rất đáng để mua!',NULL,'2024-12-14 23:57:29',NULL),(852,20,29,5,'Sản phẩm chuẩn từ chất lượng đến size. Giao hàng nhanh, dịch vụ khách hàng tuyệt vời. Rất đáng để mua!',NULL,'2024-12-30 23:41:50',NULL),(853,20,21,5,'Tuyệt vời! Chất lượng vượt mong đợi. Sản phẩm hoàn hảo từ kiểu dáng đến chất lượng. Nhất định sẽ quay lại!',NULL,'2024-12-06 06:33:47',NULL),(854,20,6,4,'Rất hài lòng với sản phẩm. Chất lượng tốt, đúng size, đúng mẫu như hình. Chỉ có vài chi tiết nhỏ cần cải thiện.',NULL,'2024-12-14 02:58:07',NULL),(855,6,14,2,'Mẫu mã đẹp nhưng chất lượng không tốt. Giá hơi cao so với chất lượng thực tế.',NULL,'2024-12-11 05:54:46',NULL),(856,6,25,4,'Sản phẩm đẹp, chất lượng cao, phù hợp với giá tiền. Rất hài lòng với trải nghiệm mua hàng.',NULL,'2024-12-19 05:08:01',NULL),(857,6,29,5,'Tuyệt vời! Chất lượng vượt mong đợi. Sản phẩm hoàn hảo từ kiểu dáng đến chất lượng. Nhất định sẽ quay lại!',NULL,'2024-12-27 17:00:48',NULL),(858,6,30,5,'Tuyệt vời! Chất lượng vượt mong đợi. Sản phẩm hoàn hảo từ kiểu dáng đến chất lượng. Nhất định sẽ quay lại!',NULL,'2024-12-17 08:21:54',NULL),(859,6,17,1,'Không đúng như mô tả, chất lượng kém. Liên hệ đổi trả rất khó khăn.',NULL,'2024-12-26 22:01:52',NULL),(860,6,7,3,'Sản phẩm đúng như mô tả, nhưng có thể hoàn thiện hơn nữa. Sẽ cân nhắc mua lại.',NULL,'2024-12-12 10:16:30',NULL),(861,6,10,2,'Sản phẩm bình thường, không đặc biệt. Cần cải thiện nhiều về chất lượng.',NULL,'2024-12-06 02:33:15',NULL),(862,7,11,1,'Sản phẩm khác hoàn toàn so với hình ảnh mô tả. Size không chuẩn, chất lượng tệ.',NULL,'2024-12-22 17:41:51',NULL),(863,7,17,2,'Mẫu mã đẹp nhưng chất lượng không tốt. Giá hơi cao so với chất lượng thực tế.',NULL,'2024-12-11 08:30:58',NULL),(864,7,6,3,'Sản phẩm đúng như mô tả, nhưng có thể hoàn thiện hơn nữa. Sẽ cân nhắc mua lại.',NULL,'2024-12-20 21:51:49',NULL),(865,7,13,4,'Giao hàng nhanh, đóng gói cẩn thận. Sản phẩm chất lượng tốt, đúng như mô tả. Sẽ ủng hộ shop dài dài.',NULL,'2024-12-17 17:13:45',NULL),(866,7,7,2,'Sản phẩm bình thường, không đặc biệt. Cần cải thiện nhiều về chất lượng.',NULL,'2024-12-29 15:00:03',NULL),(867,7,10,1,'Sản phẩm khác hoàn toàn so với hình ảnh mô tả. Size không chuẩn, chất lượng tệ.',NULL,'2024-12-26 12:13:29',NULL),(868,7,15,1,'Sản phẩm khác hoàn toàn so với hình ảnh mô tả. Size không chuẩn, chất lượng tệ.',NULL,'2024-12-13 15:03:16',NULL),(869,7,12,1,'Chất lượng sản phẩm quá kém, không đáng với số tiền bỏ ra. Rất thất vọng và không muốn mua lại.',NULL,'2024-12-11 20:22:09',NULL),(870,8,4,3,'Chất lượng tương đối tốt nhưng size hơi lệch. Giá cả phù hợp với chất lượng.',NULL,'2024-12-25 01:19:11',NULL),(871,8,11,5,'Sản phẩm chuẩn từ chất lượng đến size. Giao hàng nhanh, dịch vụ khách hàng tuyệt vời. Rất đáng để mua!',NULL,'2024-12-21 21:21:24',NULL),(872,8,2,5,'Sản phẩm chuẩn từ chất lượng đến size. Giao hàng nhanh, dịch vụ khách hàng tuyệt vời. Rất đáng để mua!',NULL,'2024-12-21 08:46:48',NULL),(873,8,25,1,'Không đúng như mô tả, chất lượng kém. Liên hệ đổi trả rất khó khăn.',NULL,'2024-12-05 20:04:15',NULL),(874,8,24,2,'Giao hàng chậm, sản phẩm không như kỳ vọng. Chất lượng chỉ ở mức trung bình.',NULL,'2024-12-16 17:55:16',NULL),(875,8,5,3,'Chất lượng tương đối tốt nhưng size hơi lệch. Giá cả phù hợp với chất lượng.',NULL,'2024-12-16 07:04:26',NULL),(876,8,22,1,'Không đúng như mô tả, chất lượng kém. Liên hệ đổi trả rất khó khăn.',NULL,'2024-12-03 12:30:32',NULL),(877,8,28,2,'Sản phẩm bình thường, không đặc biệt. Cần cải thiện nhiều về chất lượng.',NULL,'2024-12-04 02:51:22',NULL),(878,9,21,2,'Giao hàng chậm, sản phẩm không như kỳ vọng. Chất lượng chỉ ở mức trung bình.',NULL,'2024-12-25 06:01:03',NULL),(879,9,19,2,'Mẫu mã đẹp nhưng chất lượng không tốt. Giá hơi cao so với chất lượng thực tế.',NULL,'2024-12-28 20:29:44',NULL),(880,9,29,2,'Mẫu mã đẹp nhưng chất lượng không tốt. Giá hơi cao so với chất lượng thực tế.',NULL,'2024-12-08 00:35:45',NULL),(881,9,13,3,'Sản phẩm đúng như mô tả, nhưng có thể hoàn thiện hơn nữa. Sẽ cân nhắc mua lại.',NULL,'2024-12-13 01:18:41',NULL),(882,9,23,4,'Rất hài lòng với sản phẩm. Chất lượng tốt, đúng size, đúng mẫu như hình. Chỉ có vài chi tiết nhỏ cần cải thiện.',NULL,'2024-12-05 12:53:07',NULL),(883,9,22,1,'Sản phẩm khác hoàn toàn so với hình ảnh mô tả. Size không chuẩn, chất lượng tệ.',NULL,'2024-12-25 21:13:38',NULL),(884,9,25,2,'Mẫu mã đẹp nhưng chất lượng không tốt. Giá hơi cao so với chất lượng thực tế.',NULL,'2024-12-26 16:29:47',NULL),(885,9,10,2,'Mẫu mã đẹp nhưng chất lượng không tốt. Giá hơi cao so với chất lượng thực tế.',NULL,'2024-12-11 14:58:09',NULL),(886,10,31,5,'Tuyệt vời! Chất lượng vượt mong đợi. Sản phẩm hoàn hảo từ kiểu dáng đến chất lượng. Nhất định sẽ quay lại!',NULL,'2024-12-31 08:23:48',NULL),(887,10,27,5,'Sản phẩm chuẩn từ chất lượng đến size. Giao hàng nhanh, dịch vụ khách hàng tuyệt vời. Rất đáng để mua!',NULL,'2024-12-28 22:04:39',NULL),(888,10,11,3,'Sản phẩm ở mức chấp nhận được, chất lượng tạm ổn. Cần cải thiện thêm một số chi tiết.',NULL,'2024-12-25 12:26:46',NULL),(889,10,1,3,'Sản phẩm đúng như mô tả, nhưng có thể hoàn thiện hơn nữa. Sẽ cân nhắc mua lại.',NULL,'2024-12-05 12:38:34',NULL),(890,10,14,3,'Chất lượng tương đối tốt nhưng size hơi lệch. Giá cả phù hợp với chất lượng.',NULL,'2024-12-13 21:14:28',NULL),(891,10,29,2,'Sản phẩm bình thường, không đặc biệt. Cần cải thiện nhiều về chất lượng.',NULL,'2024-12-26 00:45:43',NULL),(892,11,24,1,'Sản phẩm khác hoàn toàn so với hình ảnh mô tả. Size không chuẩn, chất lượng tệ.',NULL,'2024-12-17 16:51:56',NULL),(893,11,10,5,'Sản phẩm chuẩn từ chất lượng đến size. Giao hàng nhanh, dịch vụ khách hàng tuyệt vời. Rất đáng để mua!',NULL,'2024-12-07 20:33:30',NULL),(894,11,27,3,'Sản phẩm đúng như mô tả, nhưng có thể hoàn thiện hơn nữa. Sẽ cân nhắc mua lại.',NULL,'2024-12-06 03:22:06',NULL),(895,11,22,4,'Rất hài lòng với sản phẩm. Chất lượng tốt, đúng size, đúng mẫu như hình. Chỉ có vài chi tiết nhỏ cần cải thiện.',NULL,'2024-12-10 07:04:47',NULL),(896,11,19,2,'Mẫu mã đẹp nhưng chất lượng không tốt. Giá hơi cao so với chất lượng thực tế.',NULL,'2024-12-09 22:52:09',NULL),(897,11,13,5,'Tuyệt vời! Chất lượng vượt mong đợi. Sản phẩm hoàn hảo từ kiểu dáng đến chất lượng. Nhất định sẽ quay lại!',NULL,'2024-12-12 14:39:38',NULL),(898,11,3,5,'Sản phẩm chuẩn từ chất lượng đến size. Giao hàng nhanh, dịch vụ khách hàng tuyệt vời. Rất đáng để mua!',NULL,'2024-12-11 14:47:54',NULL),(899,11,7,2,'Giao hàng chậm, sản phẩm không như kỳ vọng. Chất lượng chỉ ở mức trung bình.',NULL,'2024-12-19 11:14:52',NULL),(900,12,31,5,'Quá đáng tiền! Chất lượng cao cấp, đúng như mô tả. Đã mua nhiều lần và chưa bao giờ thất vọng.',NULL,'2024-12-15 08:27:21',NULL),(901,12,24,1,'Chất lượng sản phẩm quá kém, không đáng với số tiền bỏ ra. Rất thất vọng và không muốn mua lại.',NULL,'2024-12-21 02:22:01',NULL),(902,12,2,3,'Sản phẩm ở mức chấp nhận được, chất lượng tạm ổn. Cần cải thiện thêm một số chi tiết.',NULL,'2024-12-15 06:18:05',NULL),(903,12,6,1,'Chất lượng sản phẩm quá kém, không đáng với số tiền bỏ ra. Rất thất vọng và không muốn mua lại.',NULL,'2024-12-22 08:01:03',NULL),(904,12,28,5,'Tuyệt vời! Chất lượng vượt mong đợi. Sản phẩm hoàn hảo từ kiểu dáng đến chất lượng. Nhất định sẽ quay lại!',NULL,'2024-12-06 18:08:23',NULL),(905,12,21,5,'Quá đáng tiền! Chất lượng cao cấp, đúng như mô tả. Đã mua nhiều lần và chưa bao giờ thất vọng.',NULL,'2024-12-31 08:58:11',NULL),(906,12,30,2,'Sản phẩm bình thường, không đặc biệt. Cần cải thiện nhiều về chất lượng.',NULL,'2024-12-05 05:16:26',NULL),(907,13,1,2,'Mẫu mã đẹp nhưng chất lượng không tốt. Giá hơi cao so với chất lượng thực tế.',NULL,'2024-12-25 09:36:52',NULL),(908,13,16,4,'Sản phẩm đẹp, chất lượng cao, phù hợp với giá tiền. Rất hài lòng với trải nghiệm mua hàng.',NULL,'2024-12-17 16:28:30',NULL),(909,13,17,4,'Sản phẩm đẹp, chất lượng cao, phù hợp với giá tiền. Rất hài lòng với trải nghiệm mua hàng.',NULL,'2024-12-25 19:20:02',NULL),(910,13,28,5,'Tuyệt vời! Chất lượng vượt mong đợi. Sản phẩm hoàn hảo từ kiểu dáng đến chất lượng. Nhất định sẽ quay lại!',NULL,'2024-12-29 14:37:51',NULL),(911,13,20,3,'Sản phẩm ở mức chấp nhận được, chất lượng tạm ổn. Cần cải thiện thêm một số chi tiết.',NULL,'2024-12-15 05:39:48',NULL),(912,13,3,3,'Chất lượng tương đối tốt nhưng size hơi lệch. Giá cả phù hợp với chất lượng.',NULL,'2024-12-28 02:23:33',NULL),(913,14,28,1,'Chất lượng sản phẩm quá kém, không đáng với số tiền bỏ ra. Rất thất vọng và không muốn mua lại.',NULL,'2024-12-10 23:51:46',NULL),(914,14,9,3,'Chất lượng tương đối tốt nhưng size hơi lệch. Giá cả phù hợp với chất lượng.',NULL,'2024-12-12 17:45:29',NULL),(915,14,22,1,'Chất lượng sản phẩm quá kém, không đáng với số tiền bỏ ra. Rất thất vọng và không muốn mua lại.',NULL,'2024-12-24 07:48:20',NULL),(916,14,14,4,'Rất hài lòng với sản phẩm. Chất lượng tốt, đúng size, đúng mẫu như hình. Chỉ có vài chi tiết nhỏ cần cải thiện.',NULL,'2024-12-31 15:41:33',NULL),(917,14,31,3,'Sản phẩm đúng như mô tả, nhưng có thể hoàn thiện hơn nữa. Sẽ cân nhắc mua lại.',NULL,'2024-12-31 22:22:51',NULL),(918,14,8,5,'Tuyệt vời! Chất lượng vượt mong đợi. Sản phẩm hoàn hảo từ kiểu dáng đến chất lượng. Nhất định sẽ quay lại!',NULL,'2024-12-13 00:18:28',NULL),(919,14,17,3,'Sản phẩm ở mức chấp nhận được, chất lượng tạm ổn. Cần cải thiện thêm một số chi tiết.',NULL,'2024-12-21 20:06:49',NULL),(920,15,17,4,'Sản phẩm đẹp, chất lượng cao, phù hợp với giá tiền. Rất hài lòng với trải nghiệm mua hàng.',NULL,'2024-12-07 12:18:33',NULL),(921,15,20,4,'Rất hài lòng với sản phẩm. Chất lượng tốt, đúng size, đúng mẫu như hình. Chỉ có vài chi tiết nhỏ cần cải thiện.',NULL,'2024-12-09 14:48:01',NULL),(922,15,16,5,'Quá đáng tiền! Chất lượng cao cấp, đúng như mô tả. Đã mua nhiều lần và chưa bao giờ thất vọng.',NULL,'2024-12-20 14:28:13',NULL),(923,15,13,3,'Chất lượng tương đối tốt nhưng size hơi lệch. Giá cả phù hợp với chất lượng.',NULL,'2024-12-21 16:21:51',NULL),(924,15,10,5,'Quá đáng tiền! Chất lượng cao cấp, đúng như mô tả. Đã mua nhiều lần và chưa bao giờ thất vọng.',NULL,'2024-12-23 18:36:00',NULL),(925,15,12,1,'Sản phẩm khác hoàn toàn so với hình ảnh mô tả. Size không chuẩn, chất lượng tệ.',NULL,'2024-12-09 16:32:28',NULL),(926,15,1,3,'Chất lượng tương đối tốt nhưng size hơi lệch. Giá cả phù hợp với chất lượng.',NULL,'2024-12-02 19:49:25',NULL),(927,15,5,3,'Sản phẩm ở mức chấp nhận được, chất lượng tạm ổn. Cần cải thiện thêm một số chi tiết.',NULL,'2024-12-13 11:35:17',NULL),(928,16,13,1,'Sản phẩm khác hoàn toàn so với hình ảnh mô tả. Size không chuẩn, chất lượng tệ.',NULL,'2024-12-05 16:50:10',NULL),(929,16,25,3,'Sản phẩm đúng như mô tả, nhưng có thể hoàn thiện hơn nữa. Sẽ cân nhắc mua lại.',NULL,'2024-12-04 12:19:34',NULL),(930,16,15,3,'Sản phẩm đúng như mô tả, nhưng có thể hoàn thiện hơn nữa. Sẽ cân nhắc mua lại.',NULL,'2024-12-20 06:55:14',NULL),(931,16,7,1,'Sản phẩm khác hoàn toàn so với hình ảnh mô tả. Size không chuẩn, chất lượng tệ.',NULL,'2024-12-27 08:29:42',NULL),(932,16,12,4,'Rất hài lòng với sản phẩm. Chất lượng tốt, đúng size, đúng mẫu như hình. Chỉ có vài chi tiết nhỏ cần cải thiện.',NULL,'2024-12-30 02:00:17',NULL),(933,17,23,1,'Không đúng như mô tả, chất lượng kém. Liên hệ đổi trả rất khó khăn.',NULL,'2024-12-20 01:55:54',NULL),(934,17,4,1,'Chất lượng sản phẩm quá kém, không đáng với số tiền bỏ ra. Rất thất vọng và không muốn mua lại.',NULL,'2024-12-03 04:47:16',NULL),(935,17,31,1,'Sản phẩm khác hoàn toàn so với hình ảnh mô tả. Size không chuẩn, chất lượng tệ.',NULL,'2024-12-28 09:33:20',NULL),(936,17,24,5,'Sản phẩm chuẩn từ chất lượng đến size. Giao hàng nhanh, dịch vụ khách hàng tuyệt vời. Rất đáng để mua!',NULL,'2024-12-03 05:01:02',NULL),(937,17,3,3,'Chất lượng tương đối tốt nhưng size hơi lệch. Giá cả phù hợp với chất lượng.',NULL,'2024-12-07 03:25:09',NULL),(938,17,10,3,'Sản phẩm đúng như mô tả, nhưng có thể hoàn thiện hơn nữa. Sẽ cân nhắc mua lại.',NULL,'2024-12-23 17:51:55',NULL),(939,17,22,5,'Tuyệt vời! Chất lượng vượt mong đợi. Sản phẩm hoàn hảo từ kiểu dáng đến chất lượng. Nhất định sẽ quay lại!',NULL,'2024-12-19 22:33:29',NULL),(940,18,12,2,'Sản phẩm bình thường, không đặc biệt. Cần cải thiện nhiều về chất lượng.',NULL,'2024-12-24 15:48:06',NULL),(941,18,3,4,'Sản phẩm đẹp, chất lượng cao, phù hợp với giá tiền. Rất hài lòng với trải nghiệm mua hàng.',NULL,'2024-12-08 14:36:30',NULL),(942,18,2,5,'Sản phẩm chuẩn từ chất lượng đến size. Giao hàng nhanh, dịch vụ khách hàng tuyệt vời. Rất đáng để mua!',NULL,'2024-12-14 21:25:31',NULL),(943,18,11,4,'Sản phẩm đẹp, chất lượng cao, phù hợp với giá tiền. Rất hài lòng với trải nghiệm mua hàng.',NULL,'2024-12-29 01:41:59',NULL),(944,18,31,5,'Tuyệt vời! Chất lượng vượt mong đợi. Sản phẩm hoàn hảo từ kiểu dáng đến chất lượng. Nhất định sẽ quay lại!',NULL,'2024-12-22 09:32:46',NULL),(945,18,23,1,'Chất lượng sản phẩm quá kém, không đáng với số tiền bỏ ra. Rất thất vọng và không muốn mua lại.',NULL,'2024-12-17 14:38:43',NULL),(946,18,16,3,'Chất lượng tương đối tốt nhưng size hơi lệch. Giá cả phù hợp với chất lượng.',NULL,'2024-12-16 22:17:42',NULL),(947,19,15,3,'Chất lượng tương đối tốt nhưng size hơi lệch. Giá cả phù hợp với chất lượng.',NULL,'2024-12-01 21:20:17',NULL),(948,19,23,4,'Rất hài lòng với sản phẩm. Chất lượng tốt, đúng size, đúng mẫu như hình. Chỉ có vài chi tiết nhỏ cần cải thiện.',NULL,'2024-12-14 14:43:10',NULL),(949,19,12,2,'Sản phẩm bình thường, không đặc biệt. Cần cải thiện nhiều về chất lượng.',NULL,'2024-12-21 02:48:06',NULL),(950,19,19,1,'Sản phẩm khác hoàn toàn so với hình ảnh mô tả. Size không chuẩn, chất lượng tệ.',NULL,'2024-12-20 07:27:42',NULL),(951,19,28,1,'Sản phẩm khác hoàn toàn so với hình ảnh mô tả. Size không chuẩn, chất lượng tệ.',NULL,'2024-12-23 04:13:59',NULL),(952,19,11,3,'Sản phẩm đúng như mô tả, nhưng có thể hoàn thiện hơn nữa. Sẽ cân nhắc mua lại.',NULL,'2024-12-10 13:29:14',NULL),(953,19,10,2,'Giao hàng chậm, sản phẩm không như kỳ vọng. Chất lượng chỉ ở mức trung bình.',NULL,'2024-12-13 02:40:47',NULL),(954,20,12,5,'Tuyệt vời! Chất lượng vượt mong đợi. Sản phẩm hoàn hảo từ kiểu dáng đến chất lượng. Nhất định sẽ quay lại!',NULL,'2024-12-03 13:52:41',NULL),(955,20,10,5,'Quá đáng tiền! Chất lượng cao cấp, đúng như mô tả. Đã mua nhiều lần và chưa bao giờ thất vọng.',NULL,'2024-12-21 03:59:30',NULL),(956,20,11,5,'Tuyệt vời! Chất lượng vượt mong đợi. Sản phẩm hoàn hảo từ kiểu dáng đến chất lượng. Nhất định sẽ quay lại!',NULL,'2024-12-14 06:51:07',NULL),(957,20,24,1,'Không đúng như mô tả, chất lượng kém. Liên hệ đổi trả rất khó khăn.',NULL,'2024-12-27 19:10:12',NULL),(958,20,19,5,'Sản phẩm chuẩn từ chất lượng đến size. Giao hàng nhanh, dịch vụ khách hàng tuyệt vời. Rất đáng để mua!',NULL,'2024-12-05 07:15:33',NULL),(959,1,2,5,'Sản phẩm chuẩn từ chất lượng đến size. Giao hàng nhanh, dịch vụ khách hàng tuyệt vời. Rất đáng để mua!\n\n',NULL,'2024-12-30 22:01:04',NULL),(960,1,31,5,'Tuyệt vời! Chất lượng vượt mong đợi. Sản phẩm hoàn hảo từ kiểu dáng đến chất lượng. Nhất định sẽ quay lại!\n\n',NULL,'2024-12-30 22:05:44',NULL),(961,1,30,5,'Tuyệt vời! Chất lượng vượt mong đợi. Sản phẩm hoàn hảo từ kiểu dáng đến chất lượng. Nhất định sẽ quay lại!\n\n',NULL,'2024-12-30 22:05:57',NULL),(962,1,29,4,'Tuyệt vời! Chất lượng vượt mong đợi. Sản phẩm hoàn hảo từ kiểu dáng đến chất lượng. Nhất định sẽ quay lại!\n\n',NULL,'2024-12-30 22:06:07',NULL),(963,1,28,5,'Tuyệt vời! Chất lượng vượt mong đợi. Sản phẩm hoàn hảo từ kiểu dáng đến chất lượng. Nhất định sẽ quay lại!\n\n',NULL,'2024-12-30 22:06:19',NULL),(964,1,27,5,'Tuyệt vời! Chất lượng vượt mong đợi. Sản phẩm hoàn hảo từ kiểu dáng đến chất lượng. Nhất định sẽ quay lại!\n\n',NULL,'2024-12-30 22:06:27',NULL),(965,1,25,5,'Tuyệt vời! Chất lượng vượt mong đợi. Sản phẩm hoàn hảo từ kiểu dáng đến chất lượng. Nhất định sẽ quay lại!\n\n',NULL,'2024-12-30 22:06:37',NULL),(966,1,24,5,'Tuyệt vời! Chất lượng vượt mong đợi. Sản phẩm hoàn hảo từ kiểu dáng đến chất lượng. Nhất định sẽ quay lại!\n\n',NULL,'2024-12-30 22:06:48',NULL),(967,1,23,5,'Tuyệt vời! Chất lượng vượt mong đợi. Sản phẩm hoàn hảo từ kiểu dáng đến chất lượng. Nhất định sẽ quay lại!\n\n',NULL,'2024-12-30 22:07:02',NULL),(968,1,22,5,'Tuyệt vời! Chất lượng vượt mong đợi. Sản phẩm hoàn hảo từ kiểu dáng đến chất lượng. Nhất định sẽ quay lại!\n\n',NULL,'2024-12-30 22:07:13',NULL),(969,1,21,5,'Tuyệt vời! Chất lượng vượt mong đợi. Sản phẩm hoàn hảo từ kiểu dáng đến chất lượng. Nhất định sẽ quay lại!\n\n',NULL,'2024-12-30 22:07:25',NULL),(970,1,20,5,'Tuyệt vời! Chất lượng vượt mong đợi. Sản phẩm hoàn hảo từ kiểu dáng đến chất lượng. Nhất định sẽ quay lại!\n\n',NULL,'2024-12-30 22:07:36',NULL),(971,1,19,5,'Tuyệt vời! Chất lượng vượt mong đợi. Sản phẩm hoàn hảo từ kiểu dáng đến chất lượng. Nhất định sẽ quay lại!\n\n',NULL,'2024-12-30 22:07:46',NULL),(972,1,17,5,'Tuyệt vời! Chất lượng vượt mong đợi. Sản phẩm hoàn hảo từ kiểu dáng đến chất lượng. Nhất định sẽ quay lại!\n\n',NULL,'2024-12-30 22:08:38',NULL),(973,1,16,5,'Tuyệt vời! Chất lượng vượt mong đợi. Sản phẩm hoàn hảo từ kiểu dáng đến chất lượng. Nhất định sẽ quay lại!\n\n',NULL,'2024-12-30 22:08:50',NULL),(974,1,15,5,'Tuyệt vời! Chất lượng vượt mong đợi. Sản phẩm hoàn hảo từ kiểu dáng đến chất lượng. Nhất định sẽ quay lại!\n\n',NULL,'2024-12-30 22:09:04',NULL),(975,1,14,5,'Tuyệt vời! Chất lượng vượt mong đợi. Sản phẩm hoàn hảo từ kiểu dáng đến chất lượng. Nhất định sẽ quay lại!\n\n',NULL,'2024-12-30 22:09:14',NULL),(976,1,13,5,'Tuyệt vời! Chất lượng vượt mong đợi. Sản phẩm hoàn hảo từ kiểu dáng đến chất lượng. Nhất định sẽ quay lại!\n\n',NULL,'2024-12-30 22:09:24',NULL),(977,1,12,5,'Tuyệt vời! Chất lượng vượt mong đợi. Sản phẩm hoàn hảo từ kiểu dáng đến chất lượng. Nhất định sẽ quay lại!\n\n',NULL,'2024-12-30 22:15:08',NULL),(978,1,11,5,'Tuyệt vời! Chất lượng vượt mong đợi. Sản phẩm hoàn hảo từ kiểu dáng đến chất lượng. Nhất định sẽ quay lại!\n\n',NULL,'2024-12-30 22:15:20',NULL),(979,1,10,5,'Tuyệt vời! Chất lượng vượt mong đợi. Sản phẩm hoàn hảo từ kiểu dáng đến chất lượng. Nhất định sẽ quay lại!\n\n',NULL,'2024-12-30 22:15:30',NULL),(980,1,9,5,'Tuyệt vời! Chất lượng vượt mong đợi. Sản phẩm hoàn hảo từ kiểu dáng đến chất lượng. Nhất định sẽ quay lại!\n\n',NULL,'2024-12-30 22:15:42',NULL),(981,1,8,5,'Tuyệt vời! Chất lượng vượt mong đợi. Sản phẩm hoàn hảo từ kiểu dáng đến chất lượng. Nhất định sẽ quay lại!\n\n',NULL,'2024-12-30 22:15:56',NULL),(982,1,7,5,'Tuyệt vời! Chất lượng vượt mong đợi. Sản phẩm hoàn hảo từ kiểu dáng đến chất lượng. Nhất định sẽ quay lại!\n\n',NULL,'2024-12-30 22:16:27',NULL),(983,1,6,5,'Tuyệt vời! Chất lượng vượt mong đợi. Sản phẩm hoàn hảo từ kiểu dáng đến chất lượng. Nhất định sẽ quay lại!\n\n',NULL,'2024-12-30 22:16:36',NULL),(984,1,5,5,'Tuyệt vời! Chất lượng vượt mong đợi. Sản phẩm hoàn hảo từ kiểu dáng đến chất lượng. Nhất định sẽ quay lại!\n\n',NULL,'2024-12-30 22:16:52',NULL),(985,1,4,5,'Tuyệt vời! Chất lượng vượt mong đợi. Sản phẩm hoàn hảo từ kiểu dáng đến chất lượng. Nhất định sẽ quay lại!\n\n',NULL,'2024-12-30 22:17:03',NULL),(986,1,3,5,'Tuyệt vời! Chất lượng vượt mong đợi. Sản phẩm hoàn hảo từ kiểu dáng đến chất lượng. Nhất định sẽ quay lại!\n\n',NULL,'2024-12-30 22:17:15',NULL),(987,1,1,5,'Tuyệt vời! Chất lượng vượt mong đợi. Sản phẩm hoàn hảo từ kiểu dáng đến chất lượng. Nhất định sẽ quay lại!\n\n',NULL,'2024-12-30 22:17:27',NULL);
/*!40000 ALTER TABLE `reviews` ENABLE KEYS */;
UNLOCK TABLES;

--
-- Table structure for table `routes`
--

DROP TABLE IF EXISTS `routes`;
/*!40101 SET @saved_cs_client     = @@character_set_client */;
/*!50503 SET character_set_client = utf8mb4 */;
CREATE TABLE `routes` (
  `id` int NOT NULL AUTO_INCREMENT,
  `start` varchar(255) NOT NULL,
  `end` varchar(255) NOT NULL,
  `status` int DEFAULT '0',
  `create_at` datetime DEFAULT NULL,
  `update_at` datetime DEFAULT NULL,
  PRIMARY KEY (`id`)
) ENGINE=InnoDB AUTO_INCREMENT=32 DEFAULT CHARSET=utf8mb4 COLLATE=utf8mb4_0900_ai_ci;
/*!40101 SET character_set_client = @saved_cs_client */;

--
-- Dumping data for table `routes`
--

LOCK TABLES `routes` WRITE;
/*!40000 ALTER TABLE `routes` DISABLE KEYS */;
INSERT INTO `routes` VALUES (7,'96A Đường Trần Phú, P. Mộ Lao, Hà Đông, Hà Nội','122 Hoàng Quốc Việt, Cổ Nhuế, Cầu Giấy, Hà Nội, Việt Nam',1,'2024-12-30 18:15:18','2024-12-30 18:15:28'),(8,'96A Đường Trần Phú, P. Mộ Lao, Hà Đông, Hà Nội','122 Hoàng Quốc Việt, Cổ Nhuế, Cầu Giấy, Hà Nội, Việt Nam',1,'2024-12-30 18:30:41','2024-12-30 23:28:07'),(9,'96A Đường Trần Phú, P. Mộ Lao, Hà Đông, Hà Nội','122 Hoàng Quốc Việt, Cổ Nhuế, Cầu Giấy, Hà Nội, Việt Nam',1,'2024-12-30 23:27:55','2024-12-30 23:28:03'),(27,'96A Đường Trần Phú, P. Mộ Lao, Hà Đông, Hà Nội','122 Hoàng Quốc Việt, Cổ Nhuế, Cầu Giấy, Hà Nội, Việt Nam',0,'2025-01-05 19:16:43',NULL),(30,'96A Đường Trần Phú, P. Mộ Lao, Hà Đông, Hà Nội','122 Hoàng Quốc Việt, Cổ Nhuế, Cầu Giấy, Hà Nội, Việt Nam',1,'2025-01-05 19:49:01','2025-01-05 19:49:05'),(31,'96A Đường Trần Phú, P. Mộ Lao, Hà Đông, Hà Nội','122 Hoàng Quốc Việt, Cổ Nhuế, Cầu Giấy, Hà Nội, Việt Nam',0,'2025-01-05 19:49:22',NULL);
/*!40000 ALTER TABLE `routes` ENABLE KEYS */;
UNLOCK TABLES;

--
-- Table structure for table `users`
--

DROP TABLE IF EXISTS `users`;
/*!40101 SET @saved_cs_client     = @@character_set_client */;
/*!50503 SET character_set_client = utf8mb4 */;
CREATE TABLE `users` (
  `id` int NOT NULL AUTO_INCREMENT,
  `address_id` int DEFAULT NULL,
  `name` varchar(50) DEFAULT NULL,
  `gender` int DEFAULT NULL,
  `avatar` varchar(200) DEFAULT NULL,
  `phone_number` varchar(50) DEFAULT NULL,
  `role` varchar(50) DEFAULT NULL,
  `create_at` datetime DEFAULT NULL,
  `update_at` datetime DEFAULT NULL,
  PRIMARY KEY (`id`)
) ENGINE=InnoDB AUTO_INCREMENT=27 DEFAULT CHARSET=utf8mb4 COLLATE=utf8mb4_0900_ai_ci;
/*!40101 SET character_set_client = @saved_cs_client */;

--
-- Dumping data for table `users`
--

LOCK TABLES `users` WRITE;
/*!40000 ALTER TABLE `users` DISABLE KEYS */;
INSERT INTO `users` VALUES (1,33,'Trung',1,NULL,'0980000001','admin',NULL,NULL),(2,44,'Minh',0,NULL,'0980000002','user',NULL,NULL),(3,44,'Phong',1,NULL,'0980000003','user',NULL,NULL),(4,37,'Thao',0,NULL,'0980000004','user',NULL,NULL),(5,40,'Hieu',1,NULL,'0980000005','user',NULL,NULL),(6,43,'Anh',0,NULL,'0980000006','user',NULL,NULL),(7,36,'Tuan',1,NULL,'0980000007','user',NULL,NULL),(8,35,'Hoa',0,NULL,'0980000008','user',NULL,NULL),(9,39,'Ngoc',1,NULL,'0980000009','user',NULL,NULL),(10,41,'Thuy',0,NULL,'0980000010','user',NULL,NULL),(11,45,'Bao',1,NULL,'0980000011','user',NULL,NULL),(12,41,'Hai',0,NULL,'0980000012','user',NULL,NULL),(13,38,'Khanh',1,NULL,'0980000013','user',NULL,NULL),(14,36,'Duong',0,NULL,'0980000014','user',NULL,NULL),(15,36,'Linh',1,NULL,'0980000015','user',NULL,NULL),(16,40,'Son',0,NULL,'0980000016','user',NULL,NULL),(17,32,'Huyen',1,NULL,'0980000017','user',NULL,NULL),(18,38,'My',0,NULL,'0980000018','user',NULL,NULL),(19,36,'Ly',1,NULL,'0980000019','user',NULL,NULL),(20,34,'Khoa',0,NULL,'0980000020','user',NULL,NULL);
/*!40000 ALTER TABLE `users` ENABLE KEYS */;
UNLOCK TABLES;
/*!40103 SET TIME_ZONE=@OLD_TIME_ZONE */;

/*!40101 SET SQL_MODE=@OLD_SQL_MODE */;
/*!40014 SET FOREIGN_KEY_CHECKS=@OLD_FOREIGN_KEY_CHECKS */;
/*!40014 SET UNIQUE_CHECKS=@OLD_UNIQUE_CHECKS */;
/*!40101 SET CHARACTER_SET_CLIENT=@OLD_CHARACTER_SET_CLIENT */;
/*!40101 SET CHARACTER_SET_RESULTS=@OLD_CHARACTER_SET_RESULTS */;
/*!40101 SET COLLATION_CONNECTION=@OLD_COLLATION_CONNECTION */;
/*!40111 SET SQL_NOTES=@OLD_SQL_NOTES */;

-- Dump completed on 2025-01-05 20:58:45
